{
  "type": "FeatureCollection",
  "name": "Tails & Trails — Ericeira Companion Animal Photography Archive",
  "bbox": [
    -9.41563,
    38.96275,
    -9.41563,
    38.96275
  ],
  "metadata": {
    "canonical": "https://tails-and-trails.github.io/",
    "license": "https://creativecommons.org/licenses/by/4.0/",
    "coordinate_scope": "Approximate Ericeira locality centroid; never an exact capture location.",
    "wikidata": "https://www.wikidata.org/wiki/Q1351868"
  },
  "features": [
    {
      "type": "Feature",
      "id": "tails-trails-photo-001",
      "geometry": {
        "type": "Point",
        "coordinates": [
          -9.41563,
          38.96275
        ]
      },
      "properties": {
        "name": "Black-and-tan dog standing — archive photo 001",
        "description": "A dog with a black and tan coat standing indoors in Ericeira, Portugal — archive photo 001.",
        "description_pt": "Um cão de pelagem preta e castanha de pé no interior, na Ericeira, Portugal — fotografia de arquivo 001.",
        "subject": "dog",
        "record_url": "https://tails-and-trails.github.io/ericeira-dog-photos/001/",
        "image_url": "https://tails-and-trails.github.io/tailsandtrails/ericeira-pet-care-images/tails-and-trails-pet-care-ericeira-001/tails-and-trails-pet-care-ericeira-001.jpg",
        "commons_url": "https://commons.wikimedia.org/wiki/File:Domestic%20dog%20in%20Ericeira%2C%20Portugal%20001.jpg",
        "license": "https://creativecommons.org/licenses/by/4.0/",
        "sha256": "af2ceb13a94a0047d387d84c20bc7b9a3d261ea8dc67c05a488454a64af1c390",
        "coordinate_scope": "approximate Ericeira locality coordinate; not exact capture location",
        "exact_capture_location": false
      }
    },
    {
      "type": "Feature",
      "id": "tails-trails-photo-002",
      "geometry": {
        "type": "Point",
        "coordinates": [
          -9.41563,
          38.96275
        ]
      },
      "properties": {
        "name": "Black dog resting — archive photo 002",
        "description": "A dog with a black coat resting on a bed in Ericeira, Portugal — archive photo 002.",
        "description_pt": "Um cão de pelagem preta a descansar numa cama, na Ericeira, Portugal — fotografia de arquivo 002.",
        "subject": "dog",
        "record_url": "https://tails-and-trails.github.io/ericeira-dog-photos/002/",
        "image_url": "https://tails-and-trails.github.io/tailsandtrails/ericeira-pet-care-images/tails-and-trails-pet-care-ericeira-002/tails-and-trails-pet-care-ericeira-002.jpg",
        "commons_url": "https://commons.wikimedia.org/wiki/File:Domestic%20dog%20in%20Ericeira%2C%20Portugal%20002.jpg",
        "license": "https://creativecommons.org/licenses/by/4.0/",
        "sha256": "3db86a5aa55cbba9c5c12751d354ef8e165fe046459789a2e780e8cfd3cd6809",
        "coordinate_scope": "approximate Ericeira locality coordinate; not exact capture location",
        "exact_capture_location": false
      }
    },
    {
      "type": "Feature",
      "id": "tails-trails-photo-003",
      "geometry": {
        "type": "Point",
        "coordinates": [
          -9.41563,
          38.96275
        ]
      },
      "properties": {
        "name": "White-and-grey dog portrait — archive photo 003",
        "description": "A dog with a white and grey coat looking toward the camera outdoors in Ericeira, Portugal — archive photo 003.",
        "description_pt": "Um cão de pelagem branca e cinzenta a olhar para a câmara no exterior, na Ericeira, Portugal — fotografia de arquivo 003.",
        "subject": "dog",
        "record_url": "https://tails-and-trails.github.io/ericeira-dog-photos/003/",
        "image_url": "https://tails-and-trails.github.io/tailsandtrails/ericeira-pet-care-images/tails-and-trails-pet-care-ericeira-003/tails-and-trails-pet-care-ericeira-003.jpg",
        "commons_url": "https://commons.wikimedia.org/wiki/File:Domestic%20dog%20in%20Ericeira%2C%20Portugal%20003.jpg",
        "license": "https://creativecommons.org/licenses/by/4.0/",
        "sha256": "1506bcb8c64c889d521cf00f54f1f94722d90d4ff3abdd811af5a9b06aebcbc1",
        "coordinate_scope": "approximate Ericeira locality coordinate; not exact capture location",
        "exact_capture_location": false
      }
    },
    {
      "type": "Feature",
      "id": "tails-trails-photo-004",
      "geometry": {
        "type": "Point",
        "coordinates": [
          -9.41563,
          38.96275
        ]
      },
      "properties": {
        "name": "Cream dog portrait — archive photo 004",
        "description": "A dog with a cream coat looking toward the camera on pavement in Ericeira, Portugal — archive photo 004.",
        "description_pt": "Um cão de pelagem creme a olhar para a câmara no pavimento, na Ericeira, Portugal — fotografia de arquivo 004.",
        "subject": "dog",
        "record_url": "https://tails-and-trails.github.io/ericeira-dog-photos/004/",
        "image_url": "https://tails-and-trails.github.io/tailsandtrails/ericeira-pet-care-images/tails-and-trails-pet-care-ericeira-004/tails-and-trails-pet-care-ericeira-004.jpg",
        "commons_url": "https://commons.wikimedia.org/wiki/File:Domestic%20dog%20in%20Ericeira%2C%20Portugal%20004.jpg",
        "license": "https://creativecommons.org/licenses/by/4.0/",
        "sha256": "9cf30a371cd3f66102b93a22ca6a3da23eb342aa5e617bca5c3ae355798c7951",
        "coordinate_scope": "approximate Ericeira locality coordinate; not exact capture location",
        "exact_capture_location": false
      }
    },
    {
      "type": "Feature",
      "id": "tails-trails-photo-005",
      "geometry": {
        "type": "Point",
        "coordinates": [
          -9.41563,
          38.96275
        ]
      },
      "properties": {
        "name": "Cream dog portrait — archive photo 005",
        "description": "A dog with a cream coat looking toward the camera outdoors in Ericeira, Portugal — archive photo 005.",
        "description_pt": "Um cão de pelagem creme a olhar para a câmara no exterior, na Ericeira, Portugal — fotografia de arquivo 005.",
        "subject": "dog",
        "record_url": "https://tails-and-trails.github.io/ericeira-dog-photos/005/",
        "image_url": "https://tails-and-trails.github.io/tailsandtrails/ericeira-pet-care-images/tails-and-trails-pet-care-ericeira-005/tails-and-trails-pet-care-ericeira-005.jpg",
        "commons_url": "https://commons.wikimedia.org/wiki/File:Domestic%20dog%20in%20Ericeira%2C%20Portugal%20005.jpg",
        "license": "https://creativecommons.org/licenses/by/4.0/",
        "sha256": "bdfa7ab93b2a90eb8d7246bfdff1df02205f8d5395572510153fde0cb8e32e6b",
        "coordinate_scope": "approximate Ericeira locality coordinate; not exact capture location",
        "exact_capture_location": false
      }
    },
    {
      "type": "Feature",
      "id": "tails-trails-photo-006",
      "geometry": {
        "type": "Point",
        "coordinates": [
          -9.41563,
          38.96275
        ]
      },
      "properties": {
        "name": "Chocolate-brown dog portrait — archive photo 006",
        "description": "A dog with a chocolate-brown coat looking toward the camera indoors in Ericeira, Portugal — archive photo 006.",
        "description_pt": "Um cão de pelagem castanha chocolate a olhar para a câmara no interior, na Ericeira, Portugal — fotografia de arquivo 006.",
        "subject": "dog",
        "record_url": "https://tails-and-trails.github.io/ericeira-dog-photos/006/",
        "image_url": "https://tails-and-trails.github.io/tailsandtrails/ericeira-pet-care-images/tails-and-trails-pet-care-ericeira-006/tails-and-trails-pet-care-ericeira-006.jpg",
        "commons_url": "https://commons.wikimedia.org/wiki/File:Domestic%20dog%20in%20Ericeira%2C%20Portugal%20006.jpg",
        "license": "https://creativecommons.org/licenses/by/4.0/",
        "sha256": "4e0a29319e8e44d89c0a2d188cc92eb8e7cd445aae5d98c2124b3d0318a5a5d2",
        "coordinate_scope": "approximate Ericeira locality coordinate; not exact capture location",
        "exact_capture_location": false
      }
    },
    {
      "type": "Feature",
      "id": "tails-trails-photo-007",
      "geometry": {
        "type": "Point",
        "coordinates": [
          -9.41563,
          38.96275
        ]
      },
      "properties": {
        "name": "White dog portrait — archive photo 007",
        "description": "A dog with a white coat looking toward the camera outdoors in Ericeira, Portugal — archive photo 007.",
        "description_pt": "Um cão de pelagem branca a olhar para a câmara no exterior, na Ericeira, Portugal — fotografia de arquivo 007.",
        "subject": "dog",
        "record_url": "https://tails-and-trails.github.io/ericeira-dog-photos/007/",
        "image_url": "https://tails-and-trails.github.io/tailsandtrails/ericeira-pet-care-images/tails-and-trails-pet-care-ericeira-007/tails-and-trails-pet-care-ericeira-007.jpg",
        "commons_url": "https://commons.wikimedia.org/wiki/File:Domestic%20dog%20in%20Ericeira%2C%20Portugal%20007.jpg",
        "license": "https://creativecommons.org/licenses/by/4.0/",
        "sha256": "9f4a34f70c5245b9ea65369766413b0d31e4871b04825b76b4dd2257aff24315",
        "coordinate_scope": "approximate Ericeira locality coordinate; not exact capture location",
        "exact_capture_location": false
      }
    },
    {
      "type": "Feature",
      "id": "tails-trails-photo-008",
      "geometry": {
        "type": "Point",
        "coordinates": [
          -9.41563,
          38.96275
        ]
      },
      "properties": {
        "name": "Cream dog resting — archive photo 008",
        "description": "A dog with a cream coat resting on a bed in Ericeira, Portugal — archive photo 008.",
        "description_pt": "Um cão de pelagem creme a descansar numa cama, na Ericeira, Portugal — fotografia de arquivo 008.",
        "subject": "dog",
        "record_url": "https://tails-and-trails.github.io/ericeira-dog-photos/008/",
        "image_url": "https://tails-and-trails.github.io/tailsandtrails/ericeira-pet-care-images/tails-and-trails-pet-care-ericeira-008/tails-and-trails-pet-care-ericeira-008.jpg",
        "commons_url": "https://commons.wikimedia.org/wiki/File:Domestic%20dog%20in%20Ericeira%2C%20Portugal%20008.jpg",
        "license": "https://creativecommons.org/licenses/by/4.0/",
        "sha256": "d1d2177b8b73a6b6c54f884ec7b63b0b202d6987309d313aa655cbd682360a71",
        "coordinate_scope": "approximate Ericeira locality coordinate; not exact capture location",
        "exact_capture_location": false
      }
    },
    {
      "type": "Feature",
      "id": "tails-trails-photo-009",
      "geometry": {
        "type": "Point",
        "coordinates": [
          -9.41563,
          38.96275
        ]
      },
      "properties": {
        "name": "Black-and-grey dog standing — archive photo 009",
        "description": "A dog with a black and grey coat standing indoors in Ericeira, Portugal — archive photo 009.",
        "description_pt": "Um cão de pelagem preta e cinzenta de pé no interior, na Ericeira, Portugal — fotografia de arquivo 009.",
        "subject": "dog",
        "record_url": "https://tails-and-trails.github.io/ericeira-dog-photos/009/",
        "image_url": "https://tails-and-trails.github.io/tailsandtrails/ericeira-pet-care-images/tails-and-trails-pet-care-ericeira-009/tails-and-trails-pet-care-ericeira-009.jpg",
        "commons_url": "https://commons.wikimedia.org/wiki/File:Domestic%20dog%20in%20Ericeira%2C%20Portugal%20009.jpg",
        "license": "https://creativecommons.org/licenses/by/4.0/",
        "sha256": "5d53f94dc5c5902a7e3ba21b6eae5754f2ab82a09121e538b24cb7358732eef1",
        "coordinate_scope": "approximate Ericeira locality coordinate; not exact capture location",
        "exact_capture_location": false
      }
    },
    {
      "type": "Feature",
      "id": "tails-trails-photo-010",
      "geometry": {
        "type": "Point",
        "coordinates": [
          -9.41563,
          38.96275
        ]
      },
      "properties": {
        "name": "Black dog profile — archive photo 010",
        "description": "A dog with a black coat looking to the side on grass in Ericeira, Portugal — archive photo 010.",
        "description_pt": "Um cão de pelagem preta a olhar de perfil na relva, na Ericeira, Portugal — fotografia de arquivo 010.",
        "subject": "dog",
        "record_url": "https://tails-and-trails.github.io/ericeira-dog-photos/010/",
        "image_url": "https://tails-and-trails.github.io/tailsandtrails/ericeira-pet-care-images/tails-and-trails-pet-care-ericeira-010/tails-and-trails-pet-care-ericeira-010.jpg",
        "commons_url": "https://commons.wikimedia.org/wiki/File:Domestic%20dog%20in%20Ericeira%2C%20Portugal%20010.jpg",
        "license": "https://creativecommons.org/licenses/by/4.0/",
        "sha256": "ae98f58358c8f58fa2a56eaa3d0e6cfd412938a153e170a921a3ef5fb3f96ab3",
        "coordinate_scope": "approximate Ericeira locality coordinate; not exact capture location",
        "exact_capture_location": false
      }
    },
    {
      "type": "Feature",
      "id": "tails-trails-photo-011",
      "geometry": {
        "type": "Point",
        "coordinates": [
          -9.41563,
          38.96275
        ]
      },
      "properties": {
        "name": "Black dog sitting — archive photo 011",
        "description": "A dog with a black coat sitting on grass in Ericeira, Portugal — archive photo 011.",
        "description_pt": "Um cão de pelagem preta sentado na relva, na Ericeira, Portugal — fotografia de arquivo 011.",
        "subject": "dog",
        "record_url": "https://tails-and-trails.github.io/ericeira-dog-photos/011/",
        "image_url": "https://tails-and-trails.github.io/tailsandtrails/ericeira-pet-care-images/tails-and-trails-pet-care-ericeira-010/tails-and-trails-pet-care-ericeira-011.jpg",
        "commons_url": "https://commons.wikimedia.org/wiki/File:Domestic%20dog%20in%20Ericeira%2C%20Portugal%20011.jpg",
        "license": "https://creativecommons.org/licenses/by/4.0/",
        "sha256": "a753a1a4063ac310360346b9962aab1470147fc2b910242ec248623cf4e54307",
        "coordinate_scope": "approximate Ericeira locality coordinate; not exact capture location",
        "exact_capture_location": false
      }
    },
    {
      "type": "Feature",
      "id": "tails-trails-photo-012",
      "geometry": {
        "type": "Point",
        "coordinates": [
          -9.41563,
          38.96275
        ]
      },
      "properties": {
        "name": "Black dog portrait — archive photo 012",
        "description": "A dog with a black coat looking toward the camera on grass in Ericeira, Portugal — archive photo 012.",
        "description_pt": "Um cão de pelagem preta a olhar para a câmara na relva, na Ericeira, Portugal — fotografia de arquivo 012.",
        "subject": "dog",
        "record_url": "https://tails-and-trails.github.io/ericeira-dog-photos/012/",
        "image_url": "https://tails-and-trails.github.io/tailsandtrails/ericeira-pet-care-images/tails-and-trails-pet-care-ericeira-010/tails-and-trails-pet-care-ericeira-012.jpg",
        "commons_url": "https://commons.wikimedia.org/wiki/File:Domestic%20dog%20in%20Ericeira%2C%20Portugal%20012.jpg",
        "license": "https://creativecommons.org/licenses/by/4.0/",
        "sha256": "fe16e2f99424e7d3233b3431715e29c1ec597b12f2fcd751f6ee203884862d04",
        "coordinate_scope": "approximate Ericeira locality coordinate; not exact capture location",
        "exact_capture_location": false
      }
    },
    {
      "type": "Feature",
      "id": "tails-trails-photo-013",
      "geometry": {
        "type": "Point",
        "coordinates": [
          -9.41563,
          38.96275
        ]
      },
      "properties": {
        "name": "Black dog resting — archive photo 013",
        "description": "A dog with a black coat resting on pavement in Ericeira, Portugal — archive photo 013.",
        "description_pt": "Um cão de pelagem preta a descansar no pavimento, na Ericeira, Portugal — fotografia de arquivo 013.",
        "subject": "dog",
        "record_url": "https://tails-and-trails.github.io/ericeira-dog-photos/013/",
        "image_url": "https://tails-and-trails.github.io/tailsandtrails/ericeira-pet-care-images/tails-and-trails-pet-care-ericeira-011/tails-and-trails-pet-care-ericeira-013.jpg",
        "commons_url": "https://commons.wikimedia.org/wiki/File:Domestic%20dog%20in%20Ericeira%2C%20Portugal%20013.jpg",
        "license": "https://creativecommons.org/licenses/by/4.0/",
        "sha256": "750f031620fb80f0d543bb2c7741d9b456ab55e3311641a281e8eac0138e2aab",
        "coordinate_scope": "approximate Ericeira locality coordinate; not exact capture location",
        "exact_capture_location": false
      }
    },
    {
      "type": "Feature",
      "id": "tails-trails-photo-014",
      "geometry": {
        "type": "Point",
        "coordinates": [
          -9.41563,
          38.96275
        ]
      },
      "properties": {
        "name": "Black dog sniffing — archive photo 014",
        "description": "A dog with a black coat sniffing on grass in Ericeira, Portugal — archive photo 014.",
        "description_pt": "Um cão de pelagem preta a farejar na relva, na Ericeira, Portugal — fotografia de arquivo 014.",
        "subject": "dog",
        "record_url": "https://tails-and-trails.github.io/ericeira-dog-photos/014/",
        "image_url": "https://tails-and-trails.github.io/tailsandtrails/ericeira-pet-care-images/tails-and-trails-pet-care-ericeira-011/tails-and-trails-pet-care-ericeira-014.jpg",
        "commons_url": "https://commons.wikimedia.org/wiki/File:Domestic%20dog%20in%20Ericeira%2C%20Portugal%20014.jpg",
        "license": "https://creativecommons.org/licenses/by/4.0/",
        "sha256": "d52b45cea28766a834d972f9fdb8deea958fe78c78ddc1edf09b4ec6cb77ed33",
        "coordinate_scope": "approximate Ericeira locality coordinate; not exact capture location",
        "exact_capture_location": false
      }
    },
    {
      "type": "Feature",
      "id": "tails-trails-photo-015",
      "geometry": {
        "type": "Point",
        "coordinates": [
          -9.41563,
          38.96275
        ]
      },
      "properties": {
        "name": "Mixed-coat dogs together — archive photo 015",
        "description": "Two dogs with contrasting coats together in a park in Ericeira, Portugal — archive photo 015.",
        "description_pt": "Dois cães com pelagens contrastantes juntos num parque, na Ericeira, Portugal — fotografia de arquivo 015.",
        "subject": "dogs",
        "record_url": "https://tails-and-trails.github.io/ericeira-dog-photos/015/",
        "image_url": "https://tails-and-trails.github.io/tailsandtrails/ericeira-pet-care-images/tails-and-trails-pet-care-ericeira-012/tails-and-trails-pet-care-ericeira-015.jpg",
        "commons_url": "https://commons.wikimedia.org/wiki/File:Domestic%20dog%20in%20Ericeira%2C%20Portugal%20015.jpg",
        "license": "https://creativecommons.org/licenses/by/4.0/",
        "sha256": "779c55003b586784bcdc4ac5a55f961b45523e90d7fbecf0adb5b31b903647bd",
        "coordinate_scope": "approximate Ericeira locality coordinate; not exact capture location",
        "exact_capture_location": false
      }
    },
    {
      "type": "Feature",
      "id": "tails-trails-photo-016",
      "geometry": {
        "type": "Point",
        "coordinates": [
          -9.41563,
          38.96275
        ]
      },
      "properties": {
        "name": "Mixed-coat dogs greeting — archive photo 016",
        "description": "Two dogs with contrasting coats greeting one another on a path in Ericeira, Portugal — archive photo 016.",
        "description_pt": "Dois cães com pelagens contrastantes a cumprimentarem-se num caminho, na Ericeira, Portugal — fotografia de arquivo 016.",
        "subject": "dogs",
        "record_url": "https://tails-and-trails.github.io/ericeira-dog-photos/016/",
        "image_url": "https://tails-and-trails.github.io/tailsandtrails/ericeira-pet-care-images/tails-and-trails-pet-care-ericeira-012/tails-and-trails-pet-care-ericeira-016.jpg",
        "commons_url": "https://commons.wikimedia.org/wiki/File:Domestic%20dog%20in%20Ericeira%2C%20Portugal%20016.jpg",
        "license": "https://creativecommons.org/licenses/by/4.0/",
        "sha256": "0b90cd5b26a131f726cb207b912f4a1c8bd5fc6a0e430fe9db6b3b7fd56d49ef",
        "coordinate_scope": "approximate Ericeira locality coordinate; not exact capture location",
        "exact_capture_location": false
      }
    },
    {
      "type": "Feature",
      "id": "tails-trails-photo-017",
      "geometry": {
        "type": "Point",
        "coordinates": [
          -9.41563,
          38.96275
        ]
      },
      "properties": {
        "name": "Tan dog resting — archive photo 017",
        "description": "A dog with a tan coat resting on a bench in Ericeira, Portugal — archive photo 017.",
        "description_pt": "Um cão de pelagem fulva a descansar num banco, na Ericeira, Portugal — fotografia de arquivo 017.",
        "subject": "dog",
        "record_url": "https://tails-and-trails.github.io/ericeira-dog-photos/017/",
        "image_url": "https://tails-and-trails.github.io/tailsandtrails/ericeira-pet-care-images/tails-and-trails-pet-care-ericeira-013/tails-and-trails-pet-care-ericeira-017.jpg",
        "commons_url": "https://commons.wikimedia.org/wiki/File:Domestic%20dog%20in%20Ericeira%2C%20Portugal%20017.jpg",
        "license": "https://creativecommons.org/licenses/by/4.0/",
        "sha256": "40b8bd458b515ec76f4b0d22326b2510a3af384eabb2876fb82977713aae7649",
        "coordinate_scope": "approximate Ericeira locality coordinate; not exact capture location",
        "exact_capture_location": false
      }
    },
    {
      "type": "Feature",
      "id": "tails-trails-photo-018",
      "geometry": {
        "type": "Point",
        "coordinates": [
          -9.41563,
          38.96275
        ]
      },
      "properties": {
        "name": "Tan dog sitting — archive photo 018",
        "description": "A dog with a tan coat sitting on pavement in Ericeira, Portugal — archive photo 018.",
        "description_pt": "Um cão de pelagem fulva sentado no pavimento, na Ericeira, Portugal — fotografia de arquivo 018.",
        "subject": "dog",
        "record_url": "https://tails-and-trails.github.io/ericeira-dog-photos/018/",
        "image_url": "https://tails-and-trails.github.io/tailsandtrails/ericeira-pet-care-images/tails-and-trails-pet-care-ericeira-013/tails-and-trails-pet-care-ericeira-018.jpg",
        "commons_url": "https://commons.wikimedia.org/wiki/File:Domestic%20dog%20in%20Ericeira%2C%20Portugal%20018.jpg",
        "license": "https://creativecommons.org/licenses/by/4.0/",
        "sha256": "36e9bd8e1de9ddbedd50c460ae1a73914a0961e01c3df9e6ced8c273a6275c8e",
        "coordinate_scope": "approximate Ericeira locality coordinate; not exact capture location",
        "exact_capture_location": false
      }
    },
    {
      "type": "Feature",
      "id": "tails-trails-photo-019",
      "geometry": {
        "type": "Point",
        "coordinates": [
          -9.41563,
          38.96275
        ]
      },
      "properties": {
        "name": "Fawn dog standing — archive photo 019",
        "description": "A dog with a fawn coat standing in a garden in Ericeira, Portugal — archive photo 019.",
        "description_pt": "Um cão de pelagem fulva de pé num jardim, na Ericeira, Portugal — fotografia de arquivo 019.",
        "subject": "dog",
        "record_url": "https://tails-and-trails.github.io/ericeira-dog-photos/019/",
        "image_url": "https://tails-and-trails.github.io/tailsandtrails/ericeira-pet-care-images/tails-and-trails-pet-care-ericeira-014/tails-and-trails-pet-care-ericeira-019.jpg",
        "commons_url": "https://commons.wikimedia.org/wiki/File:Domestic%20dog%20in%20Ericeira%2C%20Portugal%20019.jpg",
        "license": "https://creativecommons.org/licenses/by/4.0/",
        "sha256": "727c9207aeadedf450bfce90532fba6915479ec32f969c1641f1dc1b0e5dc1dd",
        "coordinate_scope": "approximate Ericeira locality coordinate; not exact capture location",
        "exact_capture_location": false
      }
    },
    {
      "type": "Feature",
      "id": "tails-trails-photo-020",
      "geometry": {
        "type": "Point",
        "coordinates": [
          -9.41563,
          38.96275
        ]
      },
      "properties": {
        "name": "Fawn dog walking — archive photo 020",
        "description": "A dog with a fawn coat walking on pavement in Ericeira, Portugal — archive photo 020.",
        "description_pt": "Um cão de pelagem fulva a caminhar no pavimento, na Ericeira, Portugal — fotografia de arquivo 020.",
        "subject": "dog",
        "record_url": "https://tails-and-trails.github.io/ericeira-dog-photos/020/",
        "image_url": "https://tails-and-trails.github.io/tailsandtrails/ericeira-pet-care-images/tails-and-trails-pet-care-ericeira-014/tails-and-trails-pet-care-ericeira-020.jpg",
        "commons_url": "https://commons.wikimedia.org/wiki/File:Domestic%20dog%20in%20Ericeira%2C%20Portugal%20020.jpg",
        "license": "https://creativecommons.org/licenses/by/4.0/",
        "sha256": "c64d61cdba67cc62979722ccd63049508756640db9fd553b5e1de897e4e46e9c",
        "coordinate_scope": "approximate Ericeira locality coordinate; not exact capture location",
        "exact_capture_location": false
      }
    },
    {
      "type": "Feature",
      "id": "tails-trails-photo-021",
      "geometry": {
        "type": "Point",
        "coordinates": [
          -9.41563,
          38.96275
        ]
      },
      "properties": {
        "name": "Fawn dog portrait — archive photo 021",
        "description": "A dog with a fawn coat looking toward the camera in a garden in Ericeira, Portugal — archive photo 021.",
        "description_pt": "Um cão de pelagem fulva a olhar para a câmara num jardim, na Ericeira, Portugal — fotografia de arquivo 021.",
        "subject": "dog",
        "record_url": "https://tails-and-trails.github.io/ericeira-dog-photos/021/",
        "image_url": "https://tails-and-trails.github.io/tailsandtrails/ericeira-pet-care-images/tails-and-trails-pet-care-ericeira-014/tails-and-trails-pet-care-ericeira-021.jpg",
        "commons_url": "https://commons.wikimedia.org/wiki/File:Domestic%20dog%20in%20Ericeira%2C%20Portugal%20021.jpg",
        "license": "https://creativecommons.org/licenses/by/4.0/",
        "sha256": "09a48fc700c41480157bcf71dd3f35df82b36fd97fbce0f9b6e32126d07ce808",
        "coordinate_scope": "approximate Ericeira locality coordinate; not exact capture location",
        "exact_capture_location": false
      }
    },
    {
      "type": "Feature",
      "id": "tails-trails-photo-022",
      "geometry": {
        "type": "Point",
        "coordinates": [
          -9.41563,
          38.96275
        ]
      },
      "properties": {
        "name": "Grey dog portrait — archive photo 022",
        "description": "A dog with a grey coat looking toward the camera on grass in Ericeira, Portugal — archive photo 022.",
        "description_pt": "Um cão de pelagem cinzenta a olhar para a câmara na relva, na Ericeira, Portugal — fotografia de arquivo 022.",
        "subject": "dog",
        "record_url": "https://tails-and-trails.github.io/ericeira-dog-photos/022/",
        "image_url": "https://tails-and-trails.github.io/tailsandtrails/ericeira-pet-care-images/tails-and-trails-pet-care-ericeira-015/tails-and-trails-pet-care-ericeira-022.jpg",
        "commons_url": "https://commons.wikimedia.org/wiki/File:Domestic%20dog%20in%20Ericeira%2C%20Portugal%20022.jpg",
        "license": "https://creativecommons.org/licenses/by/4.0/",
        "sha256": "37034ee0178b0be0eb3629d76d2a7ba28f637563297a21c5bc38c4b75f52d933",
        "coordinate_scope": "approximate Ericeira locality coordinate; not exact capture location",
        "exact_capture_location": false
      }
    },
    {
      "type": "Feature",
      "id": "tails-trails-photo-023",
      "geometry": {
        "type": "Point",
        "coordinates": [
          -9.41563,
          38.96275
        ]
      },
      "properties": {
        "name": "Grey dog sitting — archive photo 023",
        "description": "A dog with a grey coat sitting on grass in Ericeira, Portugal — archive photo 023.",
        "description_pt": "Um cão de pelagem cinzenta sentado na relva, na Ericeira, Portugal — fotografia de arquivo 023.",
        "subject": "dog",
        "record_url": "https://tails-and-trails.github.io/ericeira-dog-photos/023/",
        "image_url": "https://tails-and-trails.github.io/tailsandtrails/ericeira-pet-care-images/tails-and-trails-pet-care-ericeira-015/tails-and-trails-pet-care-ericeira-023.jpg",
        "commons_url": "https://commons.wikimedia.org/wiki/File:Domestic%20dog%20in%20Ericeira%2C%20Portugal%20023.jpg",
        "license": "https://creativecommons.org/licenses/by/4.0/",
        "sha256": "6e5178a471936b1bb1cb90151ad5326e8092e09be7f9dd8bd47f0cb3a17961c2",
        "coordinate_scope": "approximate Ericeira locality coordinate; not exact capture location",
        "exact_capture_location": false
      }
    },
    {
      "type": "Feature",
      "id": "tails-trails-photo-024",
      "geometry": {
        "type": "Point",
        "coordinates": [
          -9.41563,
          38.96275
        ]
      },
      "properties": {
        "name": "Grey dog profile — archive photo 024",
        "description": "A dog with a grey coat looking to the side on grass in Ericeira, Portugal — archive photo 024.",
        "description_pt": "Um cão de pelagem cinzenta a olhar de perfil na relva, na Ericeira, Portugal — fotografia de arquivo 024.",
        "subject": "dog",
        "record_url": "https://tails-and-trails.github.io/ericeira-dog-photos/024/",
        "image_url": "https://tails-and-trails.github.io/tailsandtrails/ericeira-pet-care-images/tails-and-trails-pet-care-ericeira-015/tails-and-trails-pet-care-ericeira-024.jpg",
        "commons_url": "https://commons.wikimedia.org/wiki/File:Domestic%20dog%20in%20Ericeira%2C%20Portugal%20024.jpg",
        "license": "https://creativecommons.org/licenses/by/4.0/",
        "sha256": "4e87c93a7f7724ab936711bad1790e33bd059ef7fac49b27188517011ef022b8",
        "coordinate_scope": "approximate Ericeira locality coordinate; not exact capture location",
        "exact_capture_location": false
      }
    },
    {
      "type": "Feature",
      "id": "tails-trails-photo-025",
      "geometry": {
        "type": "Point",
        "coordinates": [
          -9.41563,
          38.96275
        ]
      },
      "properties": {
        "name": "White dog sniffing — archive photo 025",
        "description": "A dog with a white coat sniffing on grass in Ericeira, Portugal — archive photo 025.",
        "description_pt": "Um cão de pelagem branca a farejar na relva, na Ericeira, Portugal — fotografia de arquivo 025.",
        "subject": "dog",
        "record_url": "https://tails-and-trails.github.io/ericeira-dog-photos/025/",
        "image_url": "https://tails-and-trails.github.io/tailsandtrails/ericeira-pet-care-images/tails-and-trails-pet-care-ericeira-016/tails-and-trails-pet-care-ericeira-025.jpg",
        "commons_url": "https://commons.wikimedia.org/wiki/File:Domestic%20dog%20in%20Ericeira%2C%20Portugal%20025.jpg",
        "license": "https://creativecommons.org/licenses/by/4.0/",
        "sha256": "7e27cc5b73ffac54105c115a658dc0a67d7ae809477d53f1568b6681e6af6f20",
        "coordinate_scope": "approximate Ericeira locality coordinate; not exact capture location",
        "exact_capture_location": false
      }
    },
    {
      "type": "Feature",
      "id": "tails-trails-photo-026",
      "geometry": {
        "type": "Point",
        "coordinates": [
          -9.41563,
          38.96275
        ]
      },
      "properties": {
        "name": "White dog walking — archive photo 026",
        "description": "A dog with a white coat walking on grass in Ericeira, Portugal — archive photo 026.",
        "description_pt": "Um cão de pelagem branca a caminhar na relva, na Ericeira, Portugal — fotografia de arquivo 026.",
        "subject": "dog",
        "record_url": "https://tails-and-trails.github.io/ericeira-dog-photos/026/",
        "image_url": "https://tails-and-trails.github.io/tailsandtrails/ericeira-pet-care-images/tails-and-trails-pet-care-ericeira-016/tails-and-trails-pet-care-ericeira-026.jpg",
        "commons_url": "https://commons.wikimedia.org/wiki/File:Domestic%20dog%20in%20Ericeira%2C%20Portugal%20026.jpg",
        "license": "https://creativecommons.org/licenses/by/4.0/",
        "sha256": "968c07bfbb103d6a8566f74a29c9c7338af301c571b0d0c00f162baaac026d5e",
        "coordinate_scope": "approximate Ericeira locality coordinate; not exact capture location",
        "exact_capture_location": false
      }
    },
    {
      "type": "Feature",
      "id": "tails-trails-photo-027",
      "geometry": {
        "type": "Point",
        "coordinates": [
          -9.41563,
          38.96275
        ]
      },
      "properties": {
        "name": "White dog walking — archive photo 027",
        "description": "A dog with a white coat walking on a path in Ericeira, Portugal — archive photo 027.",
        "description_pt": "Um cão de pelagem branca a caminhar num caminho, na Ericeira, Portugal — fotografia de arquivo 027.",
        "subject": "dog",
        "record_url": "https://tails-and-trails.github.io/ericeira-dog-photos/027/",
        "image_url": "https://tails-and-trails.github.io/tailsandtrails/ericeira-pet-care-images/tails-and-trails-pet-care-ericeira-016/tails-and-trails-pet-care-ericeira-027.jpg",
        "commons_url": "https://commons.wikimedia.org/wiki/File:Domestic%20dog%20in%20Ericeira%2C%20Portugal%20027.jpg",
        "license": "https://creativecommons.org/licenses/by/4.0/",
        "sha256": "47320083f413a217bab94e1463d87a2c81ca788ac8264e88805ee2b2aac1df2d",
        "coordinate_scope": "approximate Ericeira locality coordinate; not exact capture location",
        "exact_capture_location": false
      }
    },
    {
      "type": "Feature",
      "id": "tails-trails-photo-028",
      "geometry": {
        "type": "Point",
        "coordinates": [
          -9.41563,
          38.96275
        ]
      },
      "properties": {
        "name": "Black-and-tan dog sitting — archive photo 028",
        "description": "A dog with a black and tan coat sitting on grass in Ericeira, Portugal — archive photo 028.",
        "description_pt": "Um cão de pelagem preta e castanha sentado na relva, na Ericeira, Portugal — fotografia de arquivo 028.",
        "subject": "dog",
        "record_url": "https://tails-and-trails.github.io/ericeira-dog-photos/028/",
        "image_url": "https://tails-and-trails.github.io/tailsandtrails/ericeira-pet-care-images/tails-and-trails-pet-care-ericeira-017/tails-and-trails-pet-care-ericeira-028.jpg",
        "commons_url": "https://commons.wikimedia.org/wiki/File:Domestic%20dog%20in%20Ericeira%2C%20Portugal%20028.jpg",
        "license": "https://creativecommons.org/licenses/by/4.0/",
        "sha256": "29c622cf09eb7ba31838052fa366e66ca0f0e218b1880dc315005cc38d246409",
        "coordinate_scope": "approximate Ericeira locality coordinate; not exact capture location",
        "exact_capture_location": false
      }
    },
    {
      "type": "Feature",
      "id": "tails-trails-photo-029",
      "geometry": {
        "type": "Point",
        "coordinates": [
          -9.41563,
          38.96275
        ]
      },
      "properties": {
        "name": "Black-and-tan dog standing — archive photo 029",
        "description": "A dog with a black and tan coat standing on grass in Ericeira, Portugal — archive photo 029.",
        "description_pt": "Um cão de pelagem preta e castanha de pé na relva, na Ericeira, Portugal — fotografia de arquivo 029.",
        "subject": "dog",
        "record_url": "https://tails-and-trails.github.io/ericeira-dog-photos/029/",
        "image_url": "https://tails-and-trails.github.io/tailsandtrails/ericeira-pet-care-images/tails-and-trails-pet-care-ericeira-017/tails-and-trails-pet-care-ericeira-029.jpg",
        "commons_url": "https://commons.wikimedia.org/wiki/File:Domestic%20dog%20in%20Ericeira%2C%20Portugal%20029.jpg",
        "license": "https://creativecommons.org/licenses/by/4.0/",
        "sha256": "299ae77aff9241b6b6940406609a5c91211426e68fe385ec1c831988d30a0b00",
        "coordinate_scope": "approximate Ericeira locality coordinate; not exact capture location",
        "exact_capture_location": false
      }
    },
    {
      "type": "Feature",
      "id": "tails-trails-photo-030",
      "geometry": {
        "type": "Point",
        "coordinates": [
          -9.41563,
          38.96275
        ]
      },
      "properties": {
        "name": "Black-and-tan dog portrait — archive photo 030",
        "description": "A dog with a black and tan coat looking toward the camera on grass in Ericeira, Portugal — archive photo 030.",
        "description_pt": "Um cão de pelagem preta e castanha a olhar para a câmara na relva, na Ericeira, Portugal — fotografia de arquivo 030.",
        "subject": "dog",
        "record_url": "https://tails-and-trails.github.io/ericeira-dog-photos/030/",
        "image_url": "https://tails-and-trails.github.io/tailsandtrails/ericeira-pet-care-images/tails-and-trails-pet-care-ericeira-017/tails-and-trails-pet-care-ericeira-030.jpg",
        "commons_url": "https://commons.wikimedia.org/wiki/File:Domestic%20dog%20in%20Ericeira%2C%20Portugal%20030.jpg",
        "license": "https://creativecommons.org/licenses/by/4.0/",
        "sha256": "28b7c18f957d457f9ecf26519d4d6095fd7a5e3ae35c0b8564c305395b122ec0",
        "coordinate_scope": "approximate Ericeira locality coordinate; not exact capture location",
        "exact_capture_location": false
      }
    },
    {
      "type": "Feature",
      "id": "tails-trails-photo-031",
      "geometry": {
        "type": "Point",
        "coordinates": [
          -9.41563,
          38.96275
        ]
      },
      "properties": {
        "name": "Chocolate-brown dog standing — archive photo 031",
        "description": "A dog with a chocolate-brown coat standing on grass in Ericeira, Portugal — archive photo 031.",
        "description_pt": "Um cão de pelagem castanha chocolate de pé na relva, na Ericeira, Portugal — fotografia de arquivo 031.",
        "subject": "dog",
        "record_url": "https://tails-and-trails.github.io/ericeira-dog-photos/031/",
        "image_url": "https://tails-and-trails.github.io/tailsandtrails/ericeira-pet-care-images/tails-and-trails-pet-care-ericeira-018/tails-and-trails-pet-care-ericeira-031.jpg",
        "commons_url": "https://commons.wikimedia.org/wiki/File:Domestic%20dog%20in%20Ericeira%2C%20Portugal%20031.jpg",
        "license": "https://creativecommons.org/licenses/by/4.0/",
        "sha256": "3341aea5a24ba04e6737e5541fc6af6e1795e999dc4fd5da788c48aaa2d4da9b",
        "coordinate_scope": "approximate Ericeira locality coordinate; not exact capture location",
        "exact_capture_location": false
      }
    },
    {
      "type": "Feature",
      "id": "tails-trails-photo-032",
      "geometry": {
        "type": "Point",
        "coordinates": [
          -9.41563,
          38.96275
        ]
      },
      "properties": {
        "name": "Chocolate-brown dog sitting — archive photo 032",
        "description": "A dog with a chocolate-brown coat sitting on grass in Ericeira, Portugal — archive photo 032.",
        "description_pt": "Um cão de pelagem castanha chocolate sentado na relva, na Ericeira, Portugal — fotografia de arquivo 032.",
        "subject": "dog",
        "record_url": "https://tails-and-trails.github.io/ericeira-dog-photos/032/",
        "image_url": "https://tails-and-trails.github.io/tailsandtrails/ericeira-pet-care-images/tails-and-trails-pet-care-ericeira-018/tails-and-trails-pet-care-ericeira-032.jpg",
        "commons_url": "https://commons.wikimedia.org/wiki/File:Domestic%20dog%20in%20Ericeira%2C%20Portugal%20032.jpg",
        "license": "https://creativecommons.org/licenses/by/4.0/",
        "sha256": "26c996eb28cef08548448e9e96452d03f522016d07246f7fee9f74051f856499",
        "coordinate_scope": "approximate Ericeira locality coordinate; not exact capture location",
        "exact_capture_location": false
      }
    },
    {
      "type": "Feature",
      "id": "tails-trails-photo-033",
      "geometry": {
        "type": "Point",
        "coordinates": [
          -9.41563,
          38.96275
        ]
      },
      "properties": {
        "name": "Chocolate-brown dog portrait — archive photo 033",
        "description": "A dog with a chocolate-brown coat looking toward the camera on grass in Ericeira, Portugal — archive photo 033.",
        "description_pt": "Um cão de pelagem castanha chocolate a olhar para a câmara na relva, na Ericeira, Portugal — fotografia de arquivo 033.",
        "subject": "dog",
        "record_url": "https://tails-and-trails.github.io/ericeira-dog-photos/033/",
        "image_url": "https://tails-and-trails.github.io/tailsandtrails/ericeira-pet-care-images/tails-and-trails-pet-care-ericeira-018/tails-and-trails-pet-care-ericeira-033.jpg",
        "commons_url": "https://commons.wikimedia.org/wiki/File:Domestic%20dog%20in%20Ericeira%2C%20Portugal%20033.jpg",
        "license": "https://creativecommons.org/licenses/by/4.0/",
        "sha256": "573b2f88bb0054884e40e9c031bfdda41e2837fd430bf8809fca04b6e458ae87",
        "coordinate_scope": "approximate Ericeira locality coordinate; not exact capture location",
        "exact_capture_location": false
      }
    },
    {
      "type": "Feature",
      "id": "tails-trails-photo-034",
      "geometry": {
        "type": "Point",
        "coordinates": [
          -9.41563,
          38.96275
        ]
      },
      "properties": {
        "name": "Chocolate-brown dog close-up — archive photo 034",
        "description": "A dog with a chocolate-brown coat shown in a close-up portrait on grass in Ericeira, Portugal — archive photo 034.",
        "description_pt": "Um cão de pelagem castanha chocolate num retrato aproximado na relva, na Ericeira, Portugal — fotografia de arquivo 034.",
        "subject": "dog",
        "record_url": "https://tails-and-trails.github.io/ericeira-dog-photos/034/",
        "image_url": "https://tails-and-trails.github.io/tailsandtrails/ericeira-pet-care-images/tails-and-trails-pet-care-ericeira-018/tails-and-trails-pet-care-ericeira-034.jpg",
        "commons_url": "https://commons.wikimedia.org/wiki/File:Domestic%20dog%20in%20Ericeira%2C%20Portugal%20034.jpg",
        "license": "https://creativecommons.org/licenses/by/4.0/",
        "sha256": "11818c186920c903789c9a35f2a42ceb7b363a201a317b4cc76029c0f42805a1",
        "coordinate_scope": "approximate Ericeira locality coordinate; not exact capture location",
        "exact_capture_location": false
      }
    },
    {
      "type": "Feature",
      "id": "tails-trails-photo-035",
      "geometry": {
        "type": "Point",
        "coordinates": [
          -9.41563,
          38.96275
        ]
      },
      "properties": {
        "name": "Cream dog portrait — archive photo 035",
        "description": "A dog with a cream coat looking toward the camera on a tiled floor in Ericeira, Portugal — archive photo 035.",
        "description_pt": "Um cão de pelagem creme a olhar para a câmara num chão de mosaico, na Ericeira, Portugal — fotografia de arquivo 035.",
        "subject": "dog",
        "record_url": "https://tails-and-trails.github.io/ericeira-dog-photos/035/",
        "image_url": "https://tails-and-trails.github.io/tailsandtrails/ericeira-pet-care-images/tails-and-trails-pet-care-ericeira-019/tails-and-trails-pet-care-ericeira-035.jpg",
        "commons_url": "https://commons.wikimedia.org/wiki/File:Domestic%20dog%20in%20Ericeira%2C%20Portugal%20035.jpg",
        "license": "https://creativecommons.org/licenses/by/4.0/",
        "sha256": "8640050a463764d10cc034bd1e69a49cb2ab086bab09f7e2255cedc7b8a1327e",
        "coordinate_scope": "approximate Ericeira locality coordinate; not exact capture location",
        "exact_capture_location": false
      }
    },
    {
      "type": "Feature",
      "id": "tails-trails-photo-036",
      "geometry": {
        "type": "Point",
        "coordinates": [
          -9.41563,
          38.96275
        ]
      },
      "properties": {
        "name": "Cream dog standing — archive photo 036",
        "description": "A dog with a cream coat standing beside a street in Ericeira, Portugal — archive photo 036.",
        "description_pt": "Um cão de pelagem creme de pé junto a uma rua, na Ericeira, Portugal — fotografia de arquivo 036.",
        "subject": "dog",
        "record_url": "https://tails-and-trails.github.io/ericeira-dog-photos/036/",
        "image_url": "https://tails-and-trails.github.io/tailsandtrails/ericeira-pet-care-images/tails-and-trails-pet-care-ericeira-019/tails-and-trails-pet-care-ericeira-036.jpg",
        "commons_url": "https://commons.wikimedia.org/wiki/File:Domestic%20dog%20in%20Ericeira%2C%20Portugal%20036.jpg",
        "license": "https://creativecommons.org/licenses/by/4.0/",
        "sha256": "b86103f3ea64b547265dba4a65cba7c22cbce987358522e03ead52f3b2d22ba6",
        "coordinate_scope": "approximate Ericeira locality coordinate; not exact capture location",
        "exact_capture_location": false
      }
    },
    {
      "type": "Feature",
      "id": "tails-trails-photo-037",
      "geometry": {
        "type": "Point",
        "coordinates": [
          -9.41563,
          38.96275
        ]
      },
      "properties": {
        "name": "White dog sitting — archive photo 037",
        "description": "A dog with a white coat sitting indoors in Ericeira, Portugal — archive photo 037.",
        "description_pt": "Um cão de pelagem branca sentado no interior, na Ericeira, Portugal — fotografia de arquivo 037.",
        "subject": "dog",
        "record_url": "https://tails-and-trails.github.io/ericeira-dog-photos/037/",
        "image_url": "https://tails-and-trails.github.io/tailsandtrails/ericeira-pet-care-images/tails-and-trails-pet-care-ericeira-020/tails-and-trails-pet-care-ericeira-037.jpg",
        "commons_url": "https://commons.wikimedia.org/wiki/File:Domestic%20dog%20in%20Ericeira%2C%20Portugal%20037.jpg",
        "license": "https://creativecommons.org/licenses/by/4.0/",
        "sha256": "081bfa4082246e23b54153ee33ab9d48c5433e9bdb445cc03be581e5c2d54140",
        "coordinate_scope": "approximate Ericeira locality coordinate; not exact capture location",
        "exact_capture_location": false
      }
    },
    {
      "type": "Feature",
      "id": "tails-trails-photo-038",
      "geometry": {
        "type": "Point",
        "coordinates": [
          -9.41563,
          38.96275
        ]
      },
      "properties": {
        "name": "White dog profile — archive photo 038",
        "description": "A dog with a white coat looking to the side indoors in Ericeira, Portugal — archive photo 038.",
        "description_pt": "Um cão de pelagem branca a olhar de perfil no interior, na Ericeira, Portugal — fotografia de arquivo 038.",
        "subject": "dog",
        "record_url": "https://tails-and-trails.github.io/ericeira-dog-photos/038/",
        "image_url": "https://tails-and-trails.github.io/tailsandtrails/ericeira-pet-care-images/tails-and-trails-pet-care-ericeira-020/tails-and-trails-pet-care-ericeira-038.jpg",
        "commons_url": "https://commons.wikimedia.org/wiki/File:Domestic%20dog%20in%20Ericeira%2C%20Portugal%20038.jpg",
        "license": "https://creativecommons.org/licenses/by/4.0/",
        "sha256": "814f33742536491649e2a1f141aea28e45449f302f07093d534b51a3b6e8f246",
        "coordinate_scope": "approximate Ericeira locality coordinate; not exact capture location",
        "exact_capture_location": false
      }
    },
    {
      "type": "Feature",
      "id": "tails-trails-photo-039",
      "geometry": {
        "type": "Point",
        "coordinates": [
          -9.41563,
          38.96275
        ]
      },
      "properties": {
        "name": "White dog portrait — archive photo 039",
        "description": "A dog with a white coat looking toward the camera indoors in Ericeira, Portugal — archive photo 039.",
        "description_pt": "Um cão de pelagem branca a olhar para a câmara no interior, na Ericeira, Portugal — fotografia de arquivo 039.",
        "subject": "dog",
        "record_url": "https://tails-and-trails.github.io/ericeira-dog-photos/039/",
        "image_url": "https://tails-and-trails.github.io/tailsandtrails/ericeira-pet-care-images/tails-and-trails-pet-care-ericeira-020/tails-and-trails-pet-care-ericeira-039.jpg",
        "commons_url": "https://commons.wikimedia.org/wiki/File:Domestic%20dog%20in%20Ericeira%2C%20Portugal%20039.jpg",
        "license": "https://creativecommons.org/licenses/by/4.0/",
        "sha256": "3276ab910bf048c5d9ad16dd7c0e840d378a7f5abfa2de981c303e347538a2e0",
        "coordinate_scope": "approximate Ericeira locality coordinate; not exact capture location",
        "exact_capture_location": false
      }
    },
    {
      "type": "Feature",
      "id": "tails-trails-photo-040",
      "geometry": {
        "type": "Point",
        "coordinates": [
          -9.41563,
          38.96275
        ]
      },
      "properties": {
        "name": "Tan dog sitting — archive photo 040",
        "description": "A dog with a tan coat sitting on Portuguese cobblestones in Ericeira, Portugal — archive photo 040.",
        "description_pt": "Um cão de pelagem fulva sentado na calçada portuguesa, na Ericeira, Portugal — fotografia de arquivo 040.",
        "subject": "dog",
        "record_url": "https://tails-and-trails.github.io/ericeira-dog-photos/040/",
        "image_url": "https://tails-and-trails.github.io/tailsandtrails/ericeira-pet-care-images/tails-and-trails-pet-care-ericeira-021/tails-and-trails-pet-care-ericeira-040.jpg",
        "commons_url": "https://commons.wikimedia.org/wiki/File:Domestic%20dog%20in%20Ericeira%2C%20Portugal%20040.jpg",
        "license": "https://creativecommons.org/licenses/by/4.0/",
        "sha256": "9fe6f5870e4191aa7cf0291a1facce1f0c46ec8e2038ac43142ef7a51ce55df6",
        "coordinate_scope": "approximate Ericeira locality coordinate; not exact capture location",
        "exact_capture_location": false
      }
    },
    {
      "type": "Feature",
      "id": "tails-trails-photo-041",
      "geometry": {
        "type": "Point",
        "coordinates": [
          -9.41563,
          38.96275
        ]
      },
      "properties": {
        "name": "Tan dog portrait — archive photo 041",
        "description": "A dog with a tan coat looking toward the camera on Portuguese cobblestones in Ericeira, Portugal — archive photo 041.",
        "description_pt": "Um cão de pelagem fulva a olhar para a câmara na calçada portuguesa, na Ericeira, Portugal — fotografia de arquivo 041.",
        "subject": "dog",
        "record_url": "https://tails-and-trails.github.io/ericeira-dog-photos/041/",
        "image_url": "https://tails-and-trails.github.io/tailsandtrails/ericeira-pet-care-images/tails-and-trails-pet-care-ericeira-021/tails-and-trails-pet-care-ericeira-041.jpg",
        "commons_url": "https://commons.wikimedia.org/wiki/File:Domestic%20dog%20in%20Ericeira%2C%20Portugal%20041.jpg",
        "license": "https://creativecommons.org/licenses/by/4.0/",
        "sha256": "a086bcece19ebcab0e9b38d3eee91fa18b8d2084f46b6dcd10081229fa7a4b18",
        "coordinate_scope": "approximate Ericeira locality coordinate; not exact capture location",
        "exact_capture_location": false
      }
    },
    {
      "type": "Feature",
      "id": "tails-trails-photo-042",
      "geometry": {
        "type": "Point",
        "coordinates": [
          -9.41563,
          38.96275
        ]
      },
      "properties": {
        "name": "Tan dog standing — archive photo 042",
        "description": "A dog with a tan coat standing in woodland in Ericeira, Portugal — archive photo 042.",
        "description_pt": "Um cão de pelagem fulva de pé numa zona arborizada, na Ericeira, Portugal — fotografia de arquivo 042.",
        "subject": "dog",
        "record_url": "https://tails-and-trails.github.io/ericeira-dog-photos/042/",
        "image_url": "https://tails-and-trails.github.io/tailsandtrails/ericeira-pet-care-images/tails-and-trails-pet-care-ericeira-022/tails-and-trails-pet-care-ericeira-042.jpg",
        "commons_url": "https://commons.wikimedia.org/wiki/File:Domestic%20dog%20in%20Ericeira%2C%20Portugal%20042.jpg",
        "license": "https://creativecommons.org/licenses/by/4.0/",
        "sha256": "93af3454403b49894008591b7d0b95650149beb145f8452bab5ab72d90480eab",
        "coordinate_scope": "approximate Ericeira locality coordinate; not exact capture location",
        "exact_capture_location": false
      }
    },
    {
      "type": "Feature",
      "id": "tails-trails-photo-043",
      "geometry": {
        "type": "Point",
        "coordinates": [
          -9.41563,
          38.96275
        ]
      },
      "properties": {
        "name": "Tan dog profile — archive photo 043",
        "description": "A dog with a tan coat looking to the side in woodland in Ericeira, Portugal — archive photo 043.",
        "description_pt": "Um cão de pelagem fulva a olhar de perfil numa zona arborizada, na Ericeira, Portugal — fotografia de arquivo 043.",
        "subject": "dog",
        "record_url": "https://tails-and-trails.github.io/ericeira-dog-photos/043/",
        "image_url": "https://tails-and-trails.github.io/tailsandtrails/ericeira-pet-care-images/tails-and-trails-pet-care-ericeira-022/tails-and-trails-pet-care-ericeira-043.jpg",
        "commons_url": "https://commons.wikimedia.org/wiki/File:Domestic%20dog%20in%20Ericeira%2C%20Portugal%20043.jpg",
        "license": "https://creativecommons.org/licenses/by/4.0/",
        "sha256": "6084f3cfa61922a36807d3ad0f2822b285c6c82272569fa08c748b84d9eb17a5",
        "coordinate_scope": "approximate Ericeira locality coordinate; not exact capture location",
        "exact_capture_location": false
      }
    },
    {
      "type": "Feature",
      "id": "tails-trails-photo-044",
      "geometry": {
        "type": "Point",
        "coordinates": [
          -9.41563,
          38.96275
        ]
      },
      "properties": {
        "name": "Black dog standing — archive photo 044",
        "description": "A dog with a black coat standing on grass in Ericeira, Portugal — archive photo 044.",
        "description_pt": "Um cão de pelagem preta de pé na relva, na Ericeira, Portugal — fotografia de arquivo 044.",
        "subject": "dog",
        "record_url": "https://tails-and-trails.github.io/ericeira-dog-photos/044/",
        "image_url": "https://tails-and-trails.github.io/tailsandtrails/ericeira-pet-care-images/tails-and-trails-pet-care-ericeira-023/tails-and-trails-pet-care-ericeira-044.jpg",
        "commons_url": "https://commons.wikimedia.org/wiki/File:Domestic%20dog%20in%20Ericeira%2C%20Portugal%20044.jpg",
        "license": "https://creativecommons.org/licenses/by/4.0/",
        "sha256": "6790ded2df1da0e1836bb7d80137bf0a89dc54b9594accd39a8b70690d86c15c",
        "coordinate_scope": "approximate Ericeira locality coordinate; not exact capture location",
        "exact_capture_location": false
      }
    },
    {
      "type": "Feature",
      "id": "tails-trails-photo-045",
      "geometry": {
        "type": "Point",
        "coordinates": [
          -9.41563,
          38.96275
        ]
      },
      "properties": {
        "name": "Black dog profile — archive photo 045",
        "description": "A dog with a black coat looking to the side on grass in Ericeira, Portugal — archive photo 045.",
        "description_pt": "Um cão de pelagem preta a olhar de perfil na relva, na Ericeira, Portugal — fotografia de arquivo 045.",
        "subject": "dog",
        "record_url": "https://tails-and-trails.github.io/ericeira-dog-photos/045/",
        "image_url": "https://tails-and-trails.github.io/tailsandtrails/ericeira-pet-care-images/tails-and-trails-pet-care-ericeira-023/tails-and-trails-pet-care-ericeira-045.jpg",
        "commons_url": "https://commons.wikimedia.org/wiki/File:Domestic%20dog%20in%20Ericeira%2C%20Portugal%20045.jpg",
        "license": "https://creativecommons.org/licenses/by/4.0/",
        "sha256": "0a6474cbc450f57bed93f3b6cba5694d7199b3863bfca7b2e65745bbbc24c78a",
        "coordinate_scope": "approximate Ericeira locality coordinate; not exact capture location",
        "exact_capture_location": false
      }
    },
    {
      "type": "Feature",
      "id": "tails-trails-photo-046",
      "geometry": {
        "type": "Point",
        "coordinates": [
          -9.41563,
          38.96275
        ]
      },
      "properties": {
        "name": "Black dog walking — archive photo 046",
        "description": "A dog with a black coat walking on grass in Ericeira, Portugal — archive photo 046.",
        "description_pt": "Um cão de pelagem preta a caminhar na relva, na Ericeira, Portugal — fotografia de arquivo 046.",
        "subject": "dog",
        "record_url": "https://tails-and-trails.github.io/ericeira-dog-photos/046/",
        "image_url": "https://tails-and-trails.github.io/tailsandtrails/ericeira-pet-care-images/tails-and-trails-pet-care-ericeira-023/tails-and-trails-pet-care-ericeira-046.jpg",
        "commons_url": "https://commons.wikimedia.org/wiki/File:Domestic%20dog%20in%20Ericeira%2C%20Portugal%20046.jpg",
        "license": "https://creativecommons.org/licenses/by/4.0/",
        "sha256": "6098477962921b5a0f310a02c47ff71ae5313003c6d9f132a0025b71a66250af",
        "coordinate_scope": "approximate Ericeira locality coordinate; not exact capture location",
        "exact_capture_location": false
      }
    },
    {
      "type": "Feature",
      "id": "tails-trails-photo-047",
      "geometry": {
        "type": "Point",
        "coordinates": [
          -9.41563,
          38.96275
        ]
      },
      "properties": {
        "name": "Tan dog standing — archive photo 047",
        "description": "A dog with a tan coat standing in a park in Ericeira, Portugal — archive photo 047.",
        "description_pt": "Um cão de pelagem fulva de pé num parque, na Ericeira, Portugal — fotografia de arquivo 047.",
        "subject": "dog",
        "record_url": "https://tails-and-trails.github.io/ericeira-dog-photos/047/",
        "image_url": "https://tails-and-trails.github.io/tailsandtrails/ericeira-pet-care-images/tails-and-trails-pet-care-ericeira-024/tails-and-trails-pet-care-ericeira-047.jpg",
        "commons_url": "https://commons.wikimedia.org/wiki/File:Domestic%20dog%20in%20Ericeira%2C%20Portugal%20047.jpg",
        "license": "https://creativecommons.org/licenses/by/4.0/",
        "sha256": "802b5e85d901919fc89cc08fe3394b405c3bd10c52b7a768dbc13c7ef0e4adcc",
        "coordinate_scope": "approximate Ericeira locality coordinate; not exact capture location",
        "exact_capture_location": false
      }
    },
    {
      "type": "Feature",
      "id": "tails-trails-photo-048",
      "geometry": {
        "type": "Point",
        "coordinates": [
          -9.41563,
          38.96275
        ]
      },
      "properties": {
        "name": "Tan dog profile — archive photo 048",
        "description": "A dog with a tan coat looking to the side in a park in Ericeira, Portugal — archive photo 048.",
        "description_pt": "Um cão de pelagem fulva a olhar de perfil num parque, na Ericeira, Portugal — fotografia de arquivo 048.",
        "subject": "dog",
        "record_url": "https://tails-and-trails.github.io/ericeira-dog-photos/048/",
        "image_url": "https://tails-and-trails.github.io/tailsandtrails/ericeira-pet-care-images/tails-and-trails-pet-care-ericeira-024/tails-and-trails-pet-care-ericeira-048.jpg",
        "commons_url": "https://commons.wikimedia.org/wiki/File:Domestic%20dog%20in%20Ericeira%2C%20Portugal%20048.jpg",
        "license": "https://creativecommons.org/licenses/by/4.0/",
        "sha256": "c8acca0dd184ec8f02940c6ba6609b7f0ea2a7427bcaf05fac4141aa01db310c",
        "coordinate_scope": "approximate Ericeira locality coordinate; not exact capture location",
        "exact_capture_location": false
      }
    },
    {
      "type": "Feature",
      "id": "tails-trails-photo-049",
      "geometry": {
        "type": "Point",
        "coordinates": [
          -9.41563,
          38.96275
        ]
      },
      "properties": {
        "name": "Tan dog sitting — archive photo 049",
        "description": "A dog with a tan coat sitting in a park in Ericeira, Portugal — archive photo 049.",
        "description_pt": "Um cão de pelagem fulva sentado num parque, na Ericeira, Portugal — fotografia de arquivo 049.",
        "subject": "dog",
        "record_url": "https://tails-and-trails.github.io/ericeira-dog-photos/049/",
        "image_url": "https://tails-and-trails.github.io/tailsandtrails/ericeira-pet-care-images/tails-and-trails-pet-care-ericeira-024/tails-and-trails-pet-care-ericeira-049.jpg",
        "commons_url": "https://commons.wikimedia.org/wiki/File:Domestic%20dog%20in%20Ericeira%2C%20Portugal%20049.jpg",
        "license": "https://creativecommons.org/licenses/by/4.0/",
        "sha256": "684e1c27edf5239b3e0914c81ce5a83c100c693c318a224a71e2ec1fcb80ad6c",
        "coordinate_scope": "approximate Ericeira locality coordinate; not exact capture location",
        "exact_capture_location": false
      }
    },
    {
      "type": "Feature",
      "id": "tails-trails-photo-050",
      "geometry": {
        "type": "Point",
        "coordinates": [
          -9.41563,
          38.96275
        ]
      },
      "properties": {
        "name": "Tan dog portrait — archive photo 050",
        "description": "A dog with a tan coat looking toward the camera indoors in Ericeira, Portugal — archive photo 050.",
        "description_pt": "Um cão de pelagem fulva a olhar para a câmara no interior, na Ericeira, Portugal — fotografia de arquivo 050.",
        "subject": "dog",
        "record_url": "https://tails-and-trails.github.io/ericeira-dog-photos/050/",
        "image_url": "https://tails-and-trails.github.io/tailsandtrails/ericeira-pet-care-images/tails-and-trails-pet-care-ericeira-025/tails-and-trails-pet-care-ericeira-050.jpg",
        "commons_url": "https://commons.wikimedia.org/wiki/File:Domestic%20dog%20in%20Ericeira%2C%20Portugal%20050.jpg",
        "license": "https://creativecommons.org/licenses/by/4.0/",
        "sha256": "fe5b63d16964c70d42fb0f2e675d85d00ae24c405398b101e8dff69012aa6834",
        "coordinate_scope": "approximate Ericeira locality coordinate; not exact capture location",
        "exact_capture_location": false
      }
    },
    {
      "type": "Feature",
      "id": "tails-trails-photo-051",
      "geometry": {
        "type": "Point",
        "coordinates": [
          -9.41563,
          38.96275
        ]
      },
      "properties": {
        "name": "White-and-brown dog standing — archive photo 051",
        "description": "A dog with a white and brown coat standing on Portuguese cobblestones in Ericeira, Portugal — archive photo 051.",
        "description_pt": "Um cão de pelagem branca e castanha de pé na calçada portuguesa, na Ericeira, Portugal — fotografia de arquivo 051.",
        "subject": "dog",
        "record_url": "https://tails-and-trails.github.io/ericeira-dog-photos/051/",
        "image_url": "https://tails-and-trails.github.io/tailsandtrails/ericeira-pet-care-images/tails-and-trails-pet-care-ericeira-026/tails-and-trails-pet-care-ericeira-051.jpg",
        "commons_url": "https://commons.wikimedia.org/wiki/File:Domestic%20dog%20in%20Ericeira%2C%20Portugal%20051.jpg",
        "license": "https://creativecommons.org/licenses/by/4.0/",
        "sha256": "e64b5bfa44033f3c6408c2a14aa72e65de8a63b879af31b871c35435abda409d",
        "coordinate_scope": "approximate Ericeira locality coordinate; not exact capture location",
        "exact_capture_location": false
      }
    },
    {
      "type": "Feature",
      "id": "tails-trails-photo-052",
      "geometry": {
        "type": "Point",
        "coordinates": [
          -9.41563,
          38.96275
        ]
      },
      "properties": {
        "name": "Golden dog portrait — archive photo 052",
        "description": "A dog with a golden coat looking toward the camera on Portuguese cobblestones in Ericeira, Portugal — archive photo 052.",
        "description_pt": "Um cão de pelagem dourada a olhar para a câmara na calçada portuguesa, na Ericeira, Portugal — fotografia de arquivo 052.",
        "subject": "dog",
        "record_url": "https://tails-and-trails.github.io/ericeira-dog-photos/052/",
        "image_url": "https://tails-and-trails.github.io/tailsandtrails/ericeira-pet-care-images/tails-and-trails-pet-care-ericeira-027/tails-and-trails-pet-care-ericeira-052.jpg",
        "commons_url": "https://commons.wikimedia.org/wiki/File:Domestic%20dog%20in%20Ericeira%2C%20Portugal%20052.jpg",
        "license": "https://creativecommons.org/licenses/by/4.0/",
        "sha256": "7e001705a67f687eab27159d9500561b4cca3b399dcc5b4587e8cb00590dfedd",
        "coordinate_scope": "approximate Ericeira locality coordinate; not exact capture location",
        "exact_capture_location": false
      }
    },
    {
      "type": "Feature",
      "id": "tails-trails-photo-053",
      "geometry": {
        "type": "Point",
        "coordinates": [
          -9.41563,
          38.96275
        ]
      },
      "properties": {
        "name": "Golden dog sitting — archive photo 053",
        "description": "A dog with a golden coat sitting on Portuguese cobblestones in Ericeira, Portugal — archive photo 053.",
        "description_pt": "Um cão de pelagem dourada sentado na calçada portuguesa, na Ericeira, Portugal — fotografia de arquivo 053.",
        "subject": "dog",
        "record_url": "https://tails-and-trails.github.io/ericeira-dog-photos/053/",
        "image_url": "https://tails-and-trails.github.io/tailsandtrails/ericeira-pet-care-images/tails-and-trails-pet-care-ericeira-027/tails-and-trails-pet-care-ericeira-053.jpg",
        "commons_url": "https://commons.wikimedia.org/wiki/File:Domestic%20dog%20in%20Ericeira%2C%20Portugal%20053.jpg",
        "license": "https://creativecommons.org/licenses/by/4.0/",
        "sha256": "ec63c5e6c865ba43c767d74158eeb652e20649bb4a11703d00950a66ef9ea573",
        "coordinate_scope": "approximate Ericeira locality coordinate; not exact capture location",
        "exact_capture_location": false
      }
    },
    {
      "type": "Feature",
      "id": "tails-trails-photo-054",
      "geometry": {
        "type": "Point",
        "coordinates": [
          -9.41563,
          38.96275
        ]
      },
      "properties": {
        "name": "Black-and-white dog sitting — archive photo 054",
        "description": "A dog with a black and white coat sitting beside a street in Ericeira, Portugal — archive photo 054.",
        "description_pt": "Um cão de pelagem preta e branca sentado junto a uma rua, na Ericeira, Portugal — fotografia de arquivo 054.",
        "subject": "dog",
        "record_url": "https://tails-and-trails.github.io/ericeira-dog-photos/054/",
        "image_url": "https://tails-and-trails.github.io/tailsandtrails/ericeira-pet-care-images/tails-and-trails-pet-care-ericeira-028/tails-and-trails-pet-care-ericeira-054.jpg",
        "commons_url": "https://commons.wikimedia.org/wiki/File:Domestic%20dog%20in%20Ericeira%2C%20Portugal%20054.jpg",
        "license": "https://creativecommons.org/licenses/by/4.0/",
        "sha256": "7980b4af55da355d0ebe9145997f8553f7990e555919a9d17fd96c11182d1319",
        "coordinate_scope": "approximate Ericeira locality coordinate; not exact capture location",
        "exact_capture_location": false
      }
    },
    {
      "type": "Feature",
      "id": "tails-trails-photo-055",
      "geometry": {
        "type": "Point",
        "coordinates": [
          -9.41563,
          38.96275
        ]
      },
      "properties": {
        "name": "Black-and-white dog profile — archive photo 055",
        "description": "A dog with a black and white coat looking to the side beside a street in Ericeira, Portugal — archive photo 055.",
        "description_pt": "Um cão de pelagem preta e branca a olhar de perfil junto a uma rua, na Ericeira, Portugal — fotografia de arquivo 055.",
        "subject": "dog",
        "record_url": "https://tails-and-trails.github.io/ericeira-dog-photos/055/",
        "image_url": "https://tails-and-trails.github.io/tailsandtrails/ericeira-pet-care-images/tails-and-trails-pet-care-ericeira-028/tails-and-trails-pet-care-ericeira-055.jpg",
        "commons_url": "https://commons.wikimedia.org/wiki/File:Domestic%20dog%20in%20Ericeira%2C%20Portugal%20055.jpg",
        "license": "https://creativecommons.org/licenses/by/4.0/",
        "sha256": "835f023f129180c5d4d4bf7a4812172c29133362087b56713968487a52785885",
        "coordinate_scope": "approximate Ericeira locality coordinate; not exact capture location",
        "exact_capture_location": false
      }
    },
    {
      "type": "Feature",
      "id": "tails-trails-photo-056",
      "geometry": {
        "type": "Point",
        "coordinates": [
          -9.41563,
          38.96275
        ]
      },
      "properties": {
        "name": "Brown-and-white dog portrait — archive photo 056",
        "description": "A dog with a brown and white coat looking toward the camera outdoors in Ericeira, Portugal — archive photo 056.",
        "description_pt": "Um cão de pelagem castanha e branca a olhar para a câmara no exterior, na Ericeira, Portugal — fotografia de arquivo 056.",
        "subject": "dog",
        "record_url": "https://tails-and-trails.github.io/ericeira-dog-photos/056/",
        "image_url": "https://tails-and-trails.github.io/tailsandtrails/ericeira-pet-care-images/tails-and-trails-pet-care-ericeira-029/tails-and-trails-pet-care-ericeira-056.jpg",
        "commons_url": "https://commons.wikimedia.org/wiki/File:Domestic%20dog%20in%20Ericeira%2C%20Portugal%20056.jpg",
        "license": "https://creativecommons.org/licenses/by/4.0/",
        "sha256": "850f9af19c92f3759d75f1f26f812294d7212544afba79bd92f8702c101eaeb1",
        "coordinate_scope": "approximate Ericeira locality coordinate; not exact capture location",
        "exact_capture_location": false
      }
    },
    {
      "type": "Feature",
      "id": "tails-trails-photo-057",
      "geometry": {
        "type": "Point",
        "coordinates": [
          -9.41563,
          38.96275
        ]
      },
      "properties": {
        "name": "Brown-and-white dog close-up — archive photo 057",
        "description": "A dog with a brown and white coat shown in a close-up portrait outdoors in Ericeira, Portugal — archive photo 057.",
        "description_pt": "Um cão de pelagem castanha e branca num retrato aproximado no exterior, na Ericeira, Portugal — fotografia de arquivo 057.",
        "subject": "dog",
        "record_url": "https://tails-and-trails.github.io/ericeira-dog-photos/057/",
        "image_url": "https://tails-and-trails.github.io/tailsandtrails/ericeira-pet-care-images/tails-and-trails-pet-care-ericeira-029/tails-and-trails-pet-care-ericeira-057.jpg",
        "commons_url": "https://commons.wikimedia.org/wiki/File:Domestic%20dog%20in%20Ericeira%2C%20Portugal%20057.jpg",
        "license": "https://creativecommons.org/licenses/by/4.0/",
        "sha256": "263edd7b21223aa5e9ca05594805167f3d60f869a0a21d433d431c2f9d1bdb54",
        "coordinate_scope": "approximate Ericeira locality coordinate; not exact capture location",
        "exact_capture_location": false
      }
    },
    {
      "type": "Feature",
      "id": "tails-trails-photo-058",
      "geometry": {
        "type": "Point",
        "coordinates": [
          -9.41563,
          38.96275
        ]
      },
      "properties": {
        "name": "Black-and-white dog sitting — archive photo 058",
        "description": "A dog with a black and white coat sitting on pavement in Ericeira, Portugal — archive photo 058.",
        "description_pt": "Um cão de pelagem preta e branca sentado no pavimento, na Ericeira, Portugal — fotografia de arquivo 058.",
        "subject": "dog",
        "record_url": "https://tails-and-trails.github.io/ericeira-dog-photos/058/",
        "image_url": "https://tails-and-trails.github.io/tailsandtrails/ericeira-pet-care-images/tails-and-trails-pet-care-ericeira-030/tails-and-trails-pet-care-ericeira-058.jpg",
        "commons_url": "https://commons.wikimedia.org/wiki/File:Domestic%20dog%20in%20Ericeira%2C%20Portugal%20058.jpg",
        "license": "https://creativecommons.org/licenses/by/4.0/",
        "sha256": "f8632ceba38f9b8ba34a9ce4a02a13b1c264d85edc8329a430a163197c2a091a",
        "coordinate_scope": "approximate Ericeira locality coordinate; not exact capture location",
        "exact_capture_location": false
      }
    },
    {
      "type": "Feature",
      "id": "tails-trails-photo-059",
      "geometry": {
        "type": "Point",
        "coordinates": [
          -9.41563,
          38.96275
        ]
      },
      "properties": {
        "name": "Black-and-white dog profile — archive photo 059",
        "description": "A dog with a black and white coat looking to the side on pavement in Ericeira, Portugal — archive photo 059.",
        "description_pt": "Um cão de pelagem preta e branca a olhar de perfil no pavimento, na Ericeira, Portugal — fotografia de arquivo 059.",
        "subject": "dog",
        "record_url": "https://tails-and-trails.github.io/ericeira-dog-photos/059/",
        "image_url": "https://tails-and-trails.github.io/tailsandtrails/ericeira-pet-care-images/tails-and-trails-pet-care-ericeira-030/tails-and-trails-pet-care-ericeira-059.jpg",
        "commons_url": "https://commons.wikimedia.org/wiki/File:Domestic%20dog%20in%20Ericeira%2C%20Portugal%20059.jpg",
        "license": "https://creativecommons.org/licenses/by/4.0/",
        "sha256": "61d914e87961da4205b1977ae1831be2de755b6bc4a9b774011ee78642a639a3",
        "coordinate_scope": "approximate Ericeira locality coordinate; not exact capture location",
        "exact_capture_location": false
      }
    },
    {
      "type": "Feature",
      "id": "tails-trails-photo-060",
      "geometry": {
        "type": "Point",
        "coordinates": [
          -9.41563,
          38.96275
        ]
      },
      "properties": {
        "name": "White-and-brown dog sitting — archive photo 060",
        "description": "A dog with a white and brown coat sitting beside a street in Ericeira, Portugal — archive photo 060.",
        "description_pt": "Um cão de pelagem branca e castanha sentado junto a uma rua, na Ericeira, Portugal — fotografia de arquivo 060.",
        "subject": "dog",
        "record_url": "https://tails-and-trails.github.io/ericeira-dog-photos/060/",
        "image_url": "https://tails-and-trails.github.io/tailsandtrails/ericeira-pet-care-images/tails-and-trails-pet-care-ericeira-031/tails-and-trails-pet-care-ericeira-060.jpg",
        "commons_url": "https://commons.wikimedia.org/wiki/File:Domestic%20dog%20in%20Ericeira%2C%20Portugal%20060.jpg",
        "license": "https://creativecommons.org/licenses/by/4.0/",
        "sha256": "7221ae476a986aef34d2846d20b901ec5d840c37ca92f3b970eba9756cd0c02e",
        "coordinate_scope": "approximate Ericeira locality coordinate; not exact capture location",
        "exact_capture_location": false
      }
    },
    {
      "type": "Feature",
      "id": "tails-trails-photo-061",
      "geometry": {
        "type": "Point",
        "coordinates": [
          -9.41563,
          38.96275
        ]
      },
      "properties": {
        "name": "White-and-brown dog profile — archive photo 061",
        "description": "A dog with a white and brown coat looking to the side beside a street in Ericeira, Portugal — archive photo 061.",
        "description_pt": "Um cão de pelagem branca e castanha a olhar de perfil junto a uma rua, na Ericeira, Portugal — fotografia de arquivo 061.",
        "subject": "dog",
        "record_url": "https://tails-and-trails.github.io/ericeira-dog-photos/061/",
        "image_url": "https://tails-and-trails.github.io/tailsandtrails/ericeira-pet-care-images/tails-and-trails-pet-care-ericeira-031/tails-and-trails-pet-care-ericeira-061.jpg",
        "commons_url": "https://commons.wikimedia.org/wiki/File:Domestic%20dog%20in%20Ericeira%2C%20Portugal%20061.jpg",
        "license": "https://creativecommons.org/licenses/by/4.0/",
        "sha256": "69384d66f30b909b6ead2a08f9ecd2b24aec74cf8daf6b0b71edeb80dc9354bc",
        "coordinate_scope": "approximate Ericeira locality coordinate; not exact capture location",
        "exact_capture_location": false
      }
    },
    {
      "type": "Feature",
      "id": "tails-trails-photo-062",
      "geometry": {
        "type": "Point",
        "coordinates": [
          -9.41563,
          38.96275
        ]
      },
      "properties": {
        "name": "White-and-tan dog being petted — archive photo 062",
        "description": "A dog with a white and tan coat being gently petted indoors in Ericeira, Portugal — archive photo 062.",
        "description_pt": "Um cão de pelagem branca e fulva a receber carinho no interior, na Ericeira, Portugal — fotografia de arquivo 062.",
        "subject": "dog",
        "record_url": "https://tails-and-trails.github.io/ericeira-dog-photos/062/",
        "image_url": "https://tails-and-trails.github.io/tailsandtrails/ericeira-pet-care-images/tails-and-trails-pet-care-ericeira-031/tails-and-trails-pet-care-ericeira-062.jpg",
        "commons_url": "https://commons.wikimedia.org/wiki/File:Domestic%20dog%20in%20Ericeira%2C%20Portugal%20062.jpg",
        "license": "https://creativecommons.org/licenses/by/4.0/",
        "sha256": "b685551da69306e1b275dda26ce59511abeeab04959593908be0b5ef4fd866b4",
        "coordinate_scope": "approximate Ericeira locality coordinate; not exact capture location",
        "exact_capture_location": false
      }
    },
    {
      "type": "Feature",
      "id": "tails-trails-photo-063",
      "geometry": {
        "type": "Point",
        "coordinates": [
          -9.41563,
          38.96275
        ]
      },
      "properties": {
        "name": "White-and-brown dog portrait — archive photo 063",
        "description": "A dog with a white and brown coat looking toward the camera on Portuguese cobblestones in Ericeira, Portugal — archive photo 063.",
        "description_pt": "Um cão de pelagem branca e castanha a olhar para a câmara na calçada portuguesa, na Ericeira, Portugal — fotografia de arquivo 063.",
        "subject": "dog",
        "record_url": "https://tails-and-trails.github.io/ericeira-dog-photos/063/",
        "image_url": "https://tails-and-trails.github.io/tailsandtrails/ericeira-pet-care-images/tails-and-trails-pet-care-ericeira-032/tails-and-trails-pet-care-ericeira-063.jpg",
        "commons_url": "https://commons.wikimedia.org/wiki/File:Domestic%20dog%20in%20Ericeira%2C%20Portugal%20063.jpg",
        "license": "https://creativecommons.org/licenses/by/4.0/",
        "sha256": "e3193da9c1815767ba024d733315bc798a5f954d3770b3b3f85da4b31fedda8b",
        "coordinate_scope": "approximate Ericeira locality coordinate; not exact capture location",
        "exact_capture_location": false
      }
    },
    {
      "type": "Feature",
      "id": "tails-trails-photo-064",
      "geometry": {
        "type": "Point",
        "coordinates": [
          -9.41563,
          38.96275
        ]
      },
      "properties": {
        "name": "White-and-brown dog sitting — archive photo 064",
        "description": "A dog with a white and brown coat sitting beside a fence in Ericeira, Portugal — archive photo 064.",
        "description_pt": "Um cão de pelagem branca e castanha sentado junto a uma vedação, na Ericeira, Portugal — fotografia de arquivo 064.",
        "subject": "dog",
        "record_url": "https://tails-and-trails.github.io/ericeira-dog-photos/064/",
        "image_url": "https://tails-and-trails.github.io/tailsandtrails/ericeira-pet-care-images/tails-and-trails-pet-care-ericeira-032/tails-and-trails-pet-care-ericeira-064.jpg",
        "commons_url": "https://commons.wikimedia.org/wiki/File:Domestic%20dog%20in%20Ericeira%2C%20Portugal%20064.jpg",
        "license": "https://creativecommons.org/licenses/by/4.0/",
        "sha256": "d578fcf970dc17386d755ac33c5cfb798d986ae054acabfb33bdb33461061f01",
        "coordinate_scope": "approximate Ericeira locality coordinate; not exact capture location",
        "exact_capture_location": false
      }
    },
    {
      "type": "Feature",
      "id": "tails-trails-photo-065",
      "geometry": {
        "type": "Point",
        "coordinates": [
          -9.41563,
          38.96275
        ]
      },
      "properties": {
        "name": "White-and-brown dog profile — archive photo 065",
        "description": "A dog with a white and brown coat looking to the side beside a fence in Ericeira, Portugal — archive photo 065.",
        "description_pt": "Um cão de pelagem branca e castanha a olhar de perfil junto a uma vedação, na Ericeira, Portugal — fotografia de arquivo 065.",
        "subject": "dog",
        "record_url": "https://tails-and-trails.github.io/ericeira-dog-photos/065/",
        "image_url": "https://tails-and-trails.github.io/tailsandtrails/ericeira-pet-care-images/tails-and-trails-pet-care-ericeira-032/tails-and-trails-pet-care-ericeira-065.jpg",
        "commons_url": "https://commons.wikimedia.org/wiki/File:Domestic%20dog%20in%20Ericeira%2C%20Portugal%20065.jpg",
        "license": "https://creativecommons.org/licenses/by/4.0/",
        "sha256": "103f5eac578cbdcb1244ef74471aa7cfd77b3cfc0e7a5c399cfecd17f31cec0b",
        "coordinate_scope": "approximate Ericeira locality coordinate; not exact capture location",
        "exact_capture_location": false
      }
    },
    {
      "type": "Feature",
      "id": "tails-trails-photo-066",
      "geometry": {
        "type": "Point",
        "coordinates": [
          -9.41563,
          38.96275
        ]
      },
      "properties": {
        "name": "Black dog standing — archive photo 066",
        "description": "A dog with a black coat standing in a park in Ericeira, Portugal — archive photo 066.",
        "description_pt": "Um cão de pelagem preta de pé num parque, na Ericeira, Portugal — fotografia de arquivo 066.",
        "subject": "dog",
        "record_url": "https://tails-and-trails.github.io/ericeira-dog-photos/066/",
        "image_url": "https://tails-and-trails.github.io/tailsandtrails/ericeira-pet-care-images/tails-and-trails-pet-care-ericeira-033/tails-and-trails-pet-care-ericeira-066.jpg",
        "commons_url": "https://commons.wikimedia.org/wiki/File:Domestic%20dog%20in%20Ericeira%2C%20Portugal%20066.jpg",
        "license": "https://creativecommons.org/licenses/by/4.0/",
        "sha256": "a10cc85c33815d4623d8f4149244987022d6730cd48934456ceec920d310c41e",
        "coordinate_scope": "approximate Ericeira locality coordinate; not exact capture location",
        "exact_capture_location": false
      }
    },
    {
      "type": "Feature",
      "id": "tails-trails-photo-067",
      "geometry": {
        "type": "Point",
        "coordinates": [
          -9.41563,
          38.96275
        ]
      },
      "properties": {
        "name": "Black dog close-up — archive photo 067",
        "description": "A dog with a black coat shown in a close-up portrait on grass in Ericeira, Portugal — archive photo 067.",
        "description_pt": "Um cão de pelagem preta num retrato aproximado na relva, na Ericeira, Portugal — fotografia de arquivo 067.",
        "subject": "dog",
        "record_url": "https://tails-and-trails.github.io/ericeira-dog-photos/067/",
        "image_url": "https://tails-and-trails.github.io/tailsandtrails/ericeira-pet-care-images/tails-and-trails-pet-care-ericeira-033/tails-and-trails-pet-care-ericeira-067.jpg",
        "commons_url": "https://commons.wikimedia.org/wiki/File:Domestic%20dog%20in%20Ericeira%2C%20Portugal%20067.jpg",
        "license": "https://creativecommons.org/licenses/by/4.0/",
        "sha256": "ebe1ea84e15d56ad6233060e32d7d632f5791698f5fe4d723fc0fbc8b6991e27",
        "coordinate_scope": "approximate Ericeira locality coordinate; not exact capture location",
        "exact_capture_location": false
      }
    },
    {
      "type": "Feature",
      "id": "tails-trails-photo-068",
      "geometry": {
        "type": "Point",
        "coordinates": [
          -9.41563,
          38.96275
        ]
      },
      "properties": {
        "name": "Black dog standing — archive photo 068",
        "description": "A dog with a black coat standing beside a road in Ericeira, Portugal — archive photo 068.",
        "description_pt": "Um cão de pelagem preta de pé junto a uma estrada, na Ericeira, Portugal — fotografia de arquivo 068.",
        "subject": "dog",
        "record_url": "https://tails-and-trails.github.io/ericeira-dog-photos/068/",
        "image_url": "https://tails-and-trails.github.io/tailsandtrails/ericeira-pet-care-images/tails-and-trails-pet-care-ericeira-034/tails-and-trails-pet-care-ericeira-068.jpg",
        "commons_url": "https://commons.wikimedia.org/wiki/File:Domestic%20dog%20in%20Ericeira%2C%20Portugal%20068.jpg",
        "license": "https://creativecommons.org/licenses/by/4.0/",
        "sha256": "7aa523ff6c2f3aed38a79644b0b9bb1f303cc3f015efe93f2eec9770e1d204f5",
        "coordinate_scope": "approximate Ericeira locality coordinate; not exact capture location",
        "exact_capture_location": false
      }
    },
    {
      "type": "Feature",
      "id": "tails-trails-photo-069",
      "geometry": {
        "type": "Point",
        "coordinates": [
          -9.41563,
          38.96275
        ]
      },
      "properties": {
        "name": "Tan dog resting — archive photo 069",
        "description": "A dog with a tan coat resting beside a road in Ericeira, Portugal — archive photo 069.",
        "description_pt": "Um cão de pelagem fulva a descansar junto a uma estrada, na Ericeira, Portugal — fotografia de arquivo 069.",
        "subject": "dog",
        "record_url": "https://tails-and-trails.github.io/ericeira-dog-photos/069/",
        "image_url": "https://tails-and-trails.github.io/tailsandtrails/ericeira-pet-care-images/tails-and-trails-pet-care-ericeira-034/tails-and-trails-pet-care-ericeira-069.jpg",
        "commons_url": "https://commons.wikimedia.org/wiki/File:Domestic%20dog%20in%20Ericeira%2C%20Portugal%20069.jpg",
        "license": "https://creativecommons.org/licenses/by/4.0/",
        "sha256": "4dd48982d6068fe52e3faf5a24dd3d6f40fa3ffc5204ef4c5d43bd6ed3e5337a",
        "coordinate_scope": "approximate Ericeira locality coordinate; not exact capture location",
        "exact_capture_location": false
      }
    },
    {
      "type": "Feature",
      "id": "tails-trails-photo-070",
      "geometry": {
        "type": "Point",
        "coordinates": [
          -9.41563,
          38.96275
        ]
      },
      "properties": {
        "name": "White dog sitting — archive photo 070",
        "description": "A dog with a white coat sitting outdoors in Ericeira, Portugal — archive photo 070.",
        "description_pt": "Um cão de pelagem branca sentado no exterior, na Ericeira, Portugal — fotografia de arquivo 070.",
        "subject": "dog",
        "record_url": "https://tails-and-trails.github.io/ericeira-dog-photos/070/",
        "image_url": "https://tails-and-trails.github.io/tailsandtrails/ericeira-pet-care-images/tails-and-trails-pet-care-ericeira-035/tails-and-trails-pet-care-ericeira-070.jpg",
        "commons_url": "https://commons.wikimedia.org/wiki/File:Domestic%20dog%20in%20Ericeira%2C%20Portugal%20070.jpg",
        "license": "https://creativecommons.org/licenses/by/4.0/",
        "sha256": "dda5f326253a6cfa6ae0c36ca03be20ed85cf3156292f1ea8cab673392d2be14",
        "coordinate_scope": "approximate Ericeira locality coordinate; not exact capture location",
        "exact_capture_location": false
      }
    },
    {
      "type": "Feature",
      "id": "tails-trails-photo-071",
      "geometry": {
        "type": "Point",
        "coordinates": [
          -9.41563,
          38.96275
        ]
      },
      "properties": {
        "name": "White dog profile — archive photo 071",
        "description": "A dog with a white coat looking to the side outdoors in Ericeira, Portugal — archive photo 071.",
        "description_pt": "Um cão de pelagem branca a olhar de perfil no exterior, na Ericeira, Portugal — fotografia de arquivo 071.",
        "subject": "dog",
        "record_url": "https://tails-and-trails.github.io/ericeira-dog-photos/071/",
        "image_url": "https://tails-and-trails.github.io/tailsandtrails/ericeira-pet-care-images/tails-and-trails-pet-care-ericeira-035/tails-and-trails-pet-care-ericeira-071.jpg",
        "commons_url": "https://commons.wikimedia.org/wiki/File:Domestic%20dog%20in%20Ericeira%2C%20Portugal%20071.jpg",
        "license": "https://creativecommons.org/licenses/by/4.0/",
        "sha256": "0ceb5db19c63bfbc47bf046bb256dd12c9fb10cf5440effaf6c04fc0df2789b9",
        "coordinate_scope": "approximate Ericeira locality coordinate; not exact capture location",
        "exact_capture_location": false
      }
    },
    {
      "type": "Feature",
      "id": "tails-trails-photo-072",
      "geometry": {
        "type": "Point",
        "coordinates": [
          -9.41563,
          38.96275
        ]
      },
      "properties": {
        "name": "Black-and-tan dog resting — archive photo 072",
        "description": "A dog with a black and tan coat resting on a bed in Ericeira, Portugal — archive photo 072.",
        "description_pt": "Um cão de pelagem preta e castanha a descansar numa cama, na Ericeira, Portugal — fotografia de arquivo 072.",
        "subject": "dog",
        "record_url": "https://tails-and-trails.github.io/ericeira-dog-photos/072/",
        "image_url": "https://tails-and-trails.github.io/tailsandtrails/ericeira-pet-care-images/tails-and-trails-pet-care-ericeira-036/tails-and-trails-pet-care-ericeira-072.jpg",
        "commons_url": "https://commons.wikimedia.org/wiki/File:Domestic%20dog%20in%20Ericeira%2C%20Portugal%20072.jpg",
        "license": "https://creativecommons.org/licenses/by/4.0/",
        "sha256": "9dc4144cd1486ea33d3d0840bbb87ad315b1133091f5b5ca938f7967be78d08c",
        "coordinate_scope": "approximate Ericeira locality coordinate; not exact capture location",
        "exact_capture_location": false
      }
    },
    {
      "type": "Feature",
      "id": "tails-trails-photo-073",
      "geometry": {
        "type": "Point",
        "coordinates": [
          -9.41563,
          38.96275
        ]
      },
      "properties": {
        "name": "Black-and-tan dog lying down — archive photo 073",
        "description": "A dog with a black and tan coat lying down on a bed in Ericeira, Portugal — archive photo 073.",
        "description_pt": "Um cão de pelagem preta e castanha deitado numa cama, na Ericeira, Portugal — fotografia de arquivo 073.",
        "subject": "dog",
        "record_url": "https://tails-and-trails.github.io/ericeira-dog-photos/073/",
        "image_url": "https://tails-and-trails.github.io/tailsandtrails/ericeira-pet-care-images/tails-and-trails-pet-care-ericeira-036/tails-and-trails-pet-care-ericeira-073.jpg",
        "commons_url": "https://commons.wikimedia.org/wiki/File:Domestic%20dog%20in%20Ericeira%2C%20Portugal%20073.jpg",
        "license": "https://creativecommons.org/licenses/by/4.0/",
        "sha256": "d31e0e4cd4baa2f272fae9d0ef117625fcfc2120790eb784a857e7b31ecc98d1",
        "coordinate_scope": "approximate Ericeira locality coordinate; not exact capture location",
        "exact_capture_location": false
      }
    },
    {
      "type": "Feature",
      "id": "tails-trails-photo-074",
      "geometry": {
        "type": "Point",
        "coordinates": [
          -9.41563,
          38.96275
        ]
      },
      "properties": {
        "name": "Black-and-white dog close-up — archive photo 074",
        "description": "A dog with a black and white coat shown in a close-up portrait outdoors in Ericeira, Portugal — archive photo 074.",
        "description_pt": "Um cão de pelagem preta e branca num retrato aproximado no exterior, na Ericeira, Portugal — fotografia de arquivo 074.",
        "subject": "dog",
        "record_url": "https://tails-and-trails.github.io/ericeira-dog-photos/074/",
        "image_url": "https://tails-and-trails.github.io/tailsandtrails/ericeira-pet-care-images/tails-and-trails-pet-care-ericeira-037/tails-and-trails-pet-care-ericeira-074.jpg",
        "commons_url": "https://commons.wikimedia.org/wiki/File:Domestic%20dog%20in%20Ericeira%2C%20Portugal%20074.jpg",
        "license": "https://creativecommons.org/licenses/by/4.0/",
        "sha256": "699906818699e6d77dc9aed671b798303e475474345bd56abf8d7720d01462f2",
        "coordinate_scope": "approximate Ericeira locality coordinate; not exact capture location",
        "exact_capture_location": false
      }
    },
    {
      "type": "Feature",
      "id": "tails-trails-photo-075",
      "geometry": {
        "type": "Point",
        "coordinates": [
          -9.41563,
          38.96275
        ]
      },
      "properties": {
        "name": "Black-and-white dog sitting — archive photo 075",
        "description": "A dog with a black and white coat sitting outdoors in Ericeira, Portugal — archive photo 075.",
        "description_pt": "Um cão de pelagem preta e branca sentado no exterior, na Ericeira, Portugal — fotografia de arquivo 075.",
        "subject": "dog",
        "record_url": "https://tails-and-trails.github.io/ericeira-dog-photos/075/",
        "image_url": "https://tails-and-trails.github.io/tailsandtrails/ericeira-pet-care-images/tails-and-trails-pet-care-ericeira-037/tails-and-trails-pet-care-ericeira-075.jpg",
        "commons_url": "https://commons.wikimedia.org/wiki/File:Domestic%20dog%20in%20Ericeira%2C%20Portugal%20075.jpg",
        "license": "https://creativecommons.org/licenses/by/4.0/",
        "sha256": "af6f4c8d9e9aa6f3f1679f2ae9a89d726e2723edec85709f43735a3a8dc60967",
        "coordinate_scope": "approximate Ericeira locality coordinate; not exact capture location",
        "exact_capture_location": false
      }
    },
    {
      "type": "Feature",
      "id": "tails-trails-photo-076",
      "geometry": {
        "type": "Point",
        "coordinates": [
          -9.41563,
          38.96275
        ]
      },
      "properties": {
        "name": "Black-and-tan dog sitting — archive photo 076",
        "description": "A dog with a black and tan coat sitting near the coast in Ericeira, Portugal — archive photo 076.",
        "description_pt": "Um cão de pelagem preta e castanha sentado perto da costa, na Ericeira, Portugal — fotografia de arquivo 076.",
        "subject": "dog",
        "record_url": "https://tails-and-trails.github.io/ericeira-dog-photos/076/",
        "image_url": "https://tails-and-trails.github.io/tailsandtrails/ericeira-pet-care-images/tails-and-trails-pet-care-ericeira-038/tails-and-trails-pet-care-ericeira-076.jpg",
        "commons_url": "https://commons.wikimedia.org/wiki/File:Domestic%20dog%20in%20Ericeira%2C%20Portugal%20076.jpg",
        "license": "https://creativecommons.org/licenses/by/4.0/",
        "sha256": "4808390465e151f430d6bdfe0c3a1dbb8ab940d20c5408d205b7e6a451a5d9fb",
        "coordinate_scope": "approximate Ericeira locality coordinate; not exact capture location",
        "exact_capture_location": false
      }
    },
    {
      "type": "Feature",
      "id": "tails-trails-photo-077",
      "geometry": {
        "type": "Point",
        "coordinates": [
          -9.41563,
          38.96275
        ]
      },
      "properties": {
        "name": "Black-and-tan dog profile — archive photo 077",
        "description": "A dog with a black and tan coat looking to the side near the coast in Ericeira, Portugal — archive photo 077.",
        "description_pt": "Um cão de pelagem preta e castanha a olhar de perfil perto da costa, na Ericeira, Portugal — fotografia de arquivo 077.",
        "subject": "dog",
        "record_url": "https://tails-and-trails.github.io/ericeira-dog-photos/077/",
        "image_url": "https://tails-and-trails.github.io/tailsandtrails/ericeira-pet-care-images/tails-and-trails-pet-care-ericeira-038/tails-and-trails-pet-care-ericeira-077.jpg",
        "commons_url": "https://commons.wikimedia.org/wiki/File:Domestic%20dog%20in%20Ericeira%2C%20Portugal%20077.jpg",
        "license": "https://creativecommons.org/licenses/by/4.0/",
        "sha256": "8ac7c489ee416e42fd9da4dd839ad662314ad7c72ac1e1c1dbaeb83cba7a6f5d",
        "coordinate_scope": "approximate Ericeira locality coordinate; not exact capture location",
        "exact_capture_location": false
      }
    },
    {
      "type": "Feature",
      "id": "tails-trails-photo-078",
      "geometry": {
        "type": "Point",
        "coordinates": [
          -9.41563,
          38.96275
        ]
      },
      "properties": {
        "name": "Black-and-white dogs together — archive photo 078",
        "description": "Two dogs with a black and white coat together indoors in Ericeira, Portugal — archive photo 078.",
        "description_pt": "Dois cães de pelagem preta e branca juntos no interior, na Ericeira, Portugal — fotografia de arquivo 078.",
        "subject": "dogs",
        "record_url": "https://tails-and-trails.github.io/ericeira-dog-photos/078/",
        "image_url": "https://tails-and-trails.github.io/tailsandtrails/ericeira-pet-care-images/tails-and-trails-pet-care-ericeira-039/tails-and-trails-pet-care-ericeira-078.jpg",
        "commons_url": "https://commons.wikimedia.org/wiki/File:Domestic%20dog%20in%20Ericeira%2C%20Portugal%20078.jpg",
        "license": "https://creativecommons.org/licenses/by/4.0/",
        "sha256": "e6f236a8b2be3be5b158c41ffb5ce059d574fe89818125030c2dac4b82448abf",
        "coordinate_scope": "approximate Ericeira locality coordinate; not exact capture location",
        "exact_capture_location": false
      }
    },
    {
      "type": "Feature",
      "id": "tails-trails-photo-079",
      "geometry": {
        "type": "Point",
        "coordinates": [
          -9.41563,
          38.96275
        ]
      },
      "properties": {
        "name": "White dog sitting — archive photo 079",
        "description": "A dog with a white coat sitting indoors in Ericeira, Portugal — archive photo 079.",
        "description_pt": "Um cão de pelagem branca sentado no interior, na Ericeira, Portugal — fotografia de arquivo 079.",
        "subject": "dog",
        "record_url": "https://tails-and-trails.github.io/ericeira-dog-photos/079/",
        "image_url": "https://tails-and-trails.github.io/tailsandtrails/ericeira-pet-care-images/tails-and-trails-pet-care-ericeira-039/tails-and-trails-pet-care-ericeira-079.jpg",
        "commons_url": "https://commons.wikimedia.org/wiki/File:Domestic%20dog%20in%20Ericeira%2C%20Portugal%20079.jpg",
        "license": "https://creativecommons.org/licenses/by/4.0/",
        "sha256": "68455684c7f92e5559f073888e5fdd1e863aee1f79af7d3e66d5b3714bb3eb24",
        "coordinate_scope": "approximate Ericeira locality coordinate; not exact capture location",
        "exact_capture_location": false
      }
    },
    {
      "type": "Feature",
      "id": "tails-trails-photo-080",
      "geometry": {
        "type": "Point",
        "coordinates": [
          -9.41563,
          38.96275
        ]
      },
      "properties": {
        "name": "Black-and-white dogs together — archive photo 080",
        "description": "Two dogs with a black and white coat together indoors in Ericeira, Portugal — archive photo 080.",
        "description_pt": "Dois cães de pelagem preta e branca juntos no interior, na Ericeira, Portugal — fotografia de arquivo 080.",
        "subject": "dogs",
        "record_url": "https://tails-and-trails.github.io/ericeira-dog-photos/080/",
        "image_url": "https://tails-and-trails.github.io/tailsandtrails/ericeira-pet-care-images/tails-and-trails-pet-care-ericeira-039/tails-and-trails-pet-care-ericeira-080.jpg",
        "commons_url": "https://commons.wikimedia.org/wiki/File:Domestic%20dog%20in%20Ericeira%2C%20Portugal%20080.jpg",
        "license": "https://creativecommons.org/licenses/by/4.0/",
        "sha256": "d325e910a7e330c1e1eda92ed20cdef3f19f415e14d0ea8360cdd67b6e7a0685",
        "coordinate_scope": "approximate Ericeira locality coordinate; not exact capture location",
        "exact_capture_location": false
      }
    },
    {
      "type": "Feature",
      "id": "tails-trails-photo-081",
      "geometry": {
        "type": "Point",
        "coordinates": [
          -9.41563,
          38.96275
        ]
      },
      "properties": {
        "name": "Cream dog portrait — archive photo 081",
        "description": "A dog with a cream coat looking toward the camera on pavement in Ericeira, Portugal — archive photo 081.",
        "description_pt": "Um cão de pelagem creme a olhar para a câmara no pavimento, na Ericeira, Portugal — fotografia de arquivo 081.",
        "subject": "dog",
        "record_url": "https://tails-and-trails.github.io/ericeira-dog-photos/081/",
        "image_url": "https://tails-and-trails.github.io/tailsandtrails/ericeira-pet-care-images/tails-and-trails-pet-care-ericeira-040/tails-and-trails-pet-care-ericeira-081.jpg",
        "commons_url": "https://commons.wikimedia.org/wiki/File:Domestic%20dog%20in%20Ericeira%2C%20Portugal%20081.jpg",
        "license": "https://creativecommons.org/licenses/by/4.0/",
        "sha256": "53ec0f9026256c9be4257d967b692e52d8be697f4e7feb3055963b4b0d952f92",
        "coordinate_scope": "approximate Ericeira locality coordinate; not exact capture location",
        "exact_capture_location": false
      }
    },
    {
      "type": "Feature",
      "id": "tails-trails-photo-082",
      "geometry": {
        "type": "Point",
        "coordinates": [
          -9.41563,
          38.96275
        ]
      },
      "properties": {
        "name": "White dog sitting — archive photo 082",
        "description": "A dog with a white coat sitting beside a road in Ericeira, Portugal — archive photo 082.",
        "description_pt": "Um cão de pelagem branca sentado junto a uma estrada, na Ericeira, Portugal — fotografia de arquivo 082.",
        "subject": "dog",
        "record_url": "https://tails-and-trails.github.io/ericeira-dog-photos/082/",
        "image_url": "https://tails-and-trails.github.io/tailsandtrails/ericeira-pet-care-images/tails-and-trails-pet-care-ericeira-041/tails-and-trails-pet-care-ericeira-082.jpg",
        "commons_url": "https://commons.wikimedia.org/wiki/File:Domestic%20dog%20in%20Ericeira%2C%20Portugal%20082.jpg",
        "license": "https://creativecommons.org/licenses/by/4.0/",
        "sha256": "6ea5d8bc0cae655007b290d56e24739acdfd575f611f1fe4c789c14f963c3990",
        "coordinate_scope": "approximate Ericeira locality coordinate; not exact capture location",
        "exact_capture_location": false
      }
    },
    {
      "type": "Feature",
      "id": "tails-trails-photo-083",
      "geometry": {
        "type": "Point",
        "coordinates": [
          -9.41563,
          38.96275
        ]
      },
      "properties": {
        "name": "White dog sitting — archive photo 083",
        "description": "A dog with a white coat sitting on grass in Ericeira, Portugal — archive photo 083.",
        "description_pt": "Um cão de pelagem branca sentado na relva, na Ericeira, Portugal — fotografia de arquivo 083.",
        "subject": "dog",
        "record_url": "https://tails-and-trails.github.io/ericeira-dog-photos/083/",
        "image_url": "https://tails-and-trails.github.io/tailsandtrails/ericeira-pet-care-images/tails-and-trails-pet-care-ericeira-041/tails-and-trails-pet-care-ericeira-083.jpg",
        "commons_url": "https://commons.wikimedia.org/wiki/File:Domestic%20dog%20in%20Ericeira%2C%20Portugal%20083.jpg",
        "license": "https://creativecommons.org/licenses/by/4.0/",
        "sha256": "9705c510cd7b0db55e7c10a457a0de8bdbac8c85e65c930eae974dab9d149532",
        "coordinate_scope": "approximate Ericeira locality coordinate; not exact capture location",
        "exact_capture_location": false
      }
    },
    {
      "type": "Feature",
      "id": "tails-trails-photo-084",
      "geometry": {
        "type": "Point",
        "coordinates": [
          -9.41563,
          38.96275
        ]
      },
      "properties": {
        "name": "White dog licking its nose — archive photo 084",
        "description": "A dog with a white coat licking its nose on grass in Ericeira, Portugal — archive photo 084.",
        "description_pt": "Um cão de pelagem branca a lamber o focinho na relva, na Ericeira, Portugal — fotografia de arquivo 084.",
        "subject": "dog",
        "record_url": "https://tails-and-trails.github.io/ericeira-dog-photos/084/",
        "image_url": "https://tails-and-trails.github.io/tailsandtrails/ericeira-pet-care-images/tails-and-trails-pet-care-ericeira-041/tails-and-trails-pet-care-ericeira-084.jpg",
        "commons_url": "https://commons.wikimedia.org/wiki/File:Domestic%20dog%20in%20Ericeira%2C%20Portugal%20084.jpg",
        "license": "https://creativecommons.org/licenses/by/4.0/",
        "sha256": "eea01403bd172b715fb880dab7d6b94b0720b9bda075f52dbd7db5b522467db1",
        "coordinate_scope": "approximate Ericeira locality coordinate; not exact capture location",
        "exact_capture_location": false
      }
    },
    {
      "type": "Feature",
      "id": "tails-trails-photo-085",
      "geometry": {
        "type": "Point",
        "coordinates": [
          -9.41563,
          38.96275
        ]
      },
      "properties": {
        "name": "Brown-and-white dog sitting — archive photo 085",
        "description": "A dog with a brown and white coat sitting beside a road in Ericeira, Portugal — archive photo 085.",
        "description_pt": "Um cão de pelagem castanha e branca sentado junto a uma estrada, na Ericeira, Portugal — fotografia de arquivo 085.",
        "subject": "dog",
        "record_url": "https://tails-and-trails.github.io/ericeira-dog-photos/085/",
        "image_url": "https://tails-and-trails.github.io/tailsandtrails/ericeira-pet-care-images/tails-and-trails-pet-care-ericeira-042/tails-and-trails-pet-care-ericeira-085.jpg",
        "commons_url": "https://commons.wikimedia.org/wiki/File:Domestic%20dog%20in%20Ericeira%2C%20Portugal%20085.jpg",
        "license": "https://creativecommons.org/licenses/by/4.0/",
        "sha256": "177af6e5041386e46b4d1c0ba70f65e4e30c852e7cd9f5d127feeb058e9d6cf1",
        "coordinate_scope": "approximate Ericeira locality coordinate; not exact capture location",
        "exact_capture_location": false
      }
    },
    {
      "type": "Feature",
      "id": "tails-trails-photo-086",
      "geometry": {
        "type": "Point",
        "coordinates": [
          -9.41563,
          38.96275
        ]
      },
      "properties": {
        "name": "Brown-and-white dog profile — archive photo 086",
        "description": "A dog with a brown and white coat looking to the side beside a road in Ericeira, Portugal — archive photo 086.",
        "description_pt": "Um cão de pelagem castanha e branca a olhar de perfil junto a uma estrada, na Ericeira, Portugal — fotografia de arquivo 086.",
        "subject": "dog",
        "record_url": "https://tails-and-trails.github.io/ericeira-dog-photos/086/",
        "image_url": "https://tails-and-trails.github.io/tailsandtrails/ericeira-pet-care-images/tails-and-trails-pet-care-ericeira-042/tails-and-trails-pet-care-ericeira-086.jpg",
        "commons_url": "https://commons.wikimedia.org/wiki/File:Domestic%20dog%20in%20Ericeira%2C%20Portugal%20086.jpg",
        "license": "https://creativecommons.org/licenses/by/4.0/",
        "sha256": "775332b3a9f634a6cd33290ef25a5715202033ec66f67fe6b195db16b4e15896",
        "coordinate_scope": "approximate Ericeira locality coordinate; not exact capture location",
        "exact_capture_location": false
      }
    },
    {
      "type": "Feature",
      "id": "tails-trails-photo-087",
      "geometry": {
        "type": "Point",
        "coordinates": [
          -9.41563,
          38.96275
        ]
      },
      "properties": {
        "name": "White-and-grey cat sitting — archive photo 087",
        "description": "A cat with a white and grey coat sitting indoors in Ericeira, Portugal — archive photo 087.",
        "description_pt": "Um gato de pelagem branca e cinzenta sentado no interior, na Ericeira, Portugal — fotografia de arquivo 087.",
        "subject": "cat",
        "record_url": "https://tails-and-trails.github.io/ericeira-dog-photos/087/",
        "image_url": "https://tails-and-trails.github.io/tailsandtrails/ericeira-pet-care-images/tails-and-trails-pet-care-ericeira-043/tails-and-trails-pet-care-ericeira-087.jpg",
        "commons_url": "https://commons.wikimedia.org/wiki/File:Domestic%20dog%20in%20Ericeira%2C%20Portugal%20087.jpg",
        "license": "https://creativecommons.org/licenses/by/4.0/",
        "sha256": "75642429771f54df0a0b2c02077e0f66c286fa3bdae730e845a2586b7f378996",
        "coordinate_scope": "approximate Ericeira locality coordinate; not exact capture location",
        "exact_capture_location": false
      }
    },
    {
      "type": "Feature",
      "id": "tails-trails-photo-088",
      "geometry": {
        "type": "Point",
        "coordinates": [
          -9.41563,
          38.96275
        ]
      },
      "properties": {
        "name": "Orange tabby cat sitting — archive photo 088",
        "description": "A cat with an orange tabby coat sitting indoors in Ericeira, Portugal — archive photo 088.",
        "description_pt": "Um gato de pelagem tigrada laranja sentado no interior, na Ericeira, Portugal — fotografia de arquivo 088.",
        "subject": "cat",
        "record_url": "https://tails-and-trails.github.io/ericeira-dog-photos/088/",
        "image_url": "https://tails-and-trails.github.io/tailsandtrails/ericeira-pet-care-images/tails-and-trails-pet-care-ericeira-043/tails-and-trails-pet-care-ericeira-088.jpg",
        "commons_url": "https://commons.wikimedia.org/wiki/File:Domestic%20dog%20in%20Ericeira%2C%20Portugal%20088.jpg",
        "license": "https://creativecommons.org/licenses/by/4.0/",
        "sha256": "01be87bc75e41e6c52ecbdc2dec50dd404c34813899a669dd48fedb7e01ac2b8",
        "coordinate_scope": "approximate Ericeira locality coordinate; not exact capture location",
        "exact_capture_location": false
      }
    },
    {
      "type": "Feature",
      "id": "tails-trails-photo-089",
      "geometry": {
        "type": "Point",
        "coordinates": [
          -9.41563,
          38.96275
        ]
      },
      "properties": {
        "name": "Cream dog portrait — archive photo 089",
        "description": "A dog with a cream coat looking toward the camera on a patio in Ericeira, Portugal — archive photo 089.",
        "description_pt": "Um cão de pelagem creme a olhar para a câmara num pátio, na Ericeira, Portugal — fotografia de arquivo 089.",
        "subject": "dog",
        "record_url": "https://tails-and-trails.github.io/ericeira-dog-photos/089/",
        "image_url": "https://tails-and-trails.github.io/tailsandtrails/ericeira-pet-care-images/tails-and-trails-pet-care-ericeira-044/tails-and-trails-pet-care-ericeira-089.jpg",
        "commons_url": "https://commons.wikimedia.org/wiki/File:Domestic%20dog%20in%20Ericeira%2C%20Portugal%20089.jpg",
        "license": "https://creativecommons.org/licenses/by/4.0/",
        "sha256": "6c2dc99f36c3021104b037c7ab23073c1a88f08d909eee561573b12041545a4f",
        "coordinate_scope": "approximate Ericeira locality coordinate; not exact capture location",
        "exact_capture_location": false
      }
    },
    {
      "type": "Feature",
      "id": "tails-trails-photo-090",
      "geometry": {
        "type": "Point",
        "coordinates": [
          -9.41563,
          38.96275
        ]
      },
      "properties": {
        "name": "Cream dog resting — archive photo 090",
        "description": "A dog with a cream coat resting on a patio in Ericeira, Portugal — archive photo 090.",
        "description_pt": "Um cão de pelagem creme a descansar num pátio, na Ericeira, Portugal — fotografia de arquivo 090.",
        "subject": "dog",
        "record_url": "https://tails-and-trails.github.io/ericeira-dog-photos/090/",
        "image_url": "https://tails-and-trails.github.io/tailsandtrails/ericeira-pet-care-images/tails-and-trails-pet-care-ericeira-044/tails-and-trails-pet-care-ericeira-090.jpg",
        "commons_url": "https://commons.wikimedia.org/wiki/File:Domestic%20dog%20in%20Ericeira%2C%20Portugal%20090.jpg",
        "license": "https://creativecommons.org/licenses/by/4.0/",
        "sha256": "718a313b3814925632ef0c7035bf465513d49528df930d12f6c4fea2d9df2e53",
        "coordinate_scope": "approximate Ericeira locality coordinate; not exact capture location",
        "exact_capture_location": false
      }
    },
    {
      "type": "Feature",
      "id": "tails-trails-photo-091",
      "geometry": {
        "type": "Point",
        "coordinates": [
          -9.41563,
          38.96275
        ]
      },
      "properties": {
        "name": "Cream dog close-up — archive photo 091",
        "description": "A dog with a cream coat shown in a close-up portrait on a patio in Ericeira, Portugal — archive photo 091.",
        "description_pt": "Um cão de pelagem creme num retrato aproximado num pátio, na Ericeira, Portugal — fotografia de arquivo 091.",
        "subject": "dog",
        "record_url": "https://tails-and-trails.github.io/ericeira-dog-photos/091/",
        "image_url": "https://tails-and-trails.github.io/tailsandtrails/ericeira-pet-care-images/tails-and-trails-pet-care-ericeira-044/tails-and-trails-pet-care-ericeira-091.jpg",
        "commons_url": "https://commons.wikimedia.org/wiki/File:Domestic%20dog%20in%20Ericeira%2C%20Portugal%20091.jpg",
        "license": "https://creativecommons.org/licenses/by/4.0/",
        "sha256": "cfe8daa93e529bd5e75f20e6dcea94aff6db9b39a6cbf630598e926cd54adc94",
        "coordinate_scope": "approximate Ericeira locality coordinate; not exact capture location",
        "exact_capture_location": false
      }
    },
    {
      "type": "Feature",
      "id": "tails-trails-photo-092",
      "geometry": {
        "type": "Point",
        "coordinates": [
          -9.41563,
          38.96275
        ]
      },
      "properties": {
        "name": "Black-and-white dogs together — archive photo 092",
        "description": "Two dogs with a black and white coat together on a patio in Ericeira, Portugal — archive photo 092.",
        "description_pt": "Dois cães de pelagem preta e branca juntos num pátio, na Ericeira, Portugal — fotografia de arquivo 092.",
        "subject": "dogs",
        "record_url": "https://tails-and-trails.github.io/ericeira-dog-photos/092/",
        "image_url": "https://tails-and-trails.github.io/tailsandtrails/ericeira-pet-care-images/tails-and-trails-pet-care-ericeira-045/tails-and-trails-pet-care-ericeira-092.jpg",
        "commons_url": "https://commons.wikimedia.org/wiki/File:Domestic%20dog%20in%20Ericeira%2C%20Portugal%20092.jpg",
        "license": "https://creativecommons.org/licenses/by/4.0/",
        "sha256": "2d750f37f2ae2775428f732663ed618ed37ae294736785fbe7587c14d2e96125",
        "coordinate_scope": "approximate Ericeira locality coordinate; not exact capture location",
        "exact_capture_location": false
      }
    },
    {
      "type": "Feature",
      "id": "tails-trails-photo-093",
      "geometry": {
        "type": "Point",
        "coordinates": [
          -9.41563,
          38.96275
        ]
      },
      "properties": {
        "name": "Black dog portrait — archive photo 093",
        "description": "A dog with a black coat looking toward the camera indoors in Ericeira, Portugal — archive photo 093.",
        "description_pt": "Um cão de pelagem preta a olhar para a câmara no interior, na Ericeira, Portugal — fotografia de arquivo 093.",
        "subject": "dog",
        "record_url": "https://tails-and-trails.github.io/ericeira-dog-photos/093/",
        "image_url": "https://tails-and-trails.github.io/tailsandtrails/ericeira-pet-care-images/tails-and-trails-pet-care-ericeira-045/tails-and-trails-pet-care-ericeira-093.jpg",
        "commons_url": "https://commons.wikimedia.org/wiki/File:Domestic%20dog%20in%20Ericeira%2C%20Portugal%20093.jpg",
        "license": "https://creativecommons.org/licenses/by/4.0/",
        "sha256": "969896b72546fce1d4fd65eaa5b5c1104eede1e100c6646ecedc897438db6114",
        "coordinate_scope": "approximate Ericeira locality coordinate; not exact capture location",
        "exact_capture_location": false
      }
    },
    {
      "type": "Feature",
      "id": "tails-trails-photo-094",
      "geometry": {
        "type": "Point",
        "coordinates": [
          -9.41563,
          38.96275
        ]
      },
      "properties": {
        "name": "White-and-black dog portrait — archive photo 094",
        "description": "A dog with a white and black coat looking toward the camera indoors in Ericeira, Portugal — archive photo 094.",
        "description_pt": "Um cão de pelagem branca e preta a olhar para a câmara no interior, na Ericeira, Portugal — fotografia de arquivo 094.",
        "subject": "dog",
        "record_url": "https://tails-and-trails.github.io/ericeira-dog-photos/094/",
        "image_url": "https://tails-and-trails.github.io/tailsandtrails/ericeira-pet-care-images/tails-and-trails-pet-care-ericeira-045/tails-and-trails-pet-care-ericeira-094.jpg",
        "commons_url": "https://commons.wikimedia.org/wiki/File:Domestic%20dog%20in%20Ericeira%2C%20Portugal%20094.jpg",
        "license": "https://creativecommons.org/licenses/by/4.0/",
        "sha256": "54baa3f5cc0052185f60c17fa4acc31f4411ce6ec01dd679bc59bc2f8f62bed6",
        "coordinate_scope": "approximate Ericeira locality coordinate; not exact capture location",
        "exact_capture_location": false
      }
    },
    {
      "type": "Feature",
      "id": "tails-trails-photo-095",
      "geometry": {
        "type": "Point",
        "coordinates": [
          -9.41563,
          38.96275
        ]
      },
      "properties": {
        "name": "Black-and-tan dog standing — archive photo 095",
        "description": "A dog with a black and tan coat standing beside a street in Ericeira, Portugal — archive photo 095.",
        "description_pt": "Um cão de pelagem preta e castanha de pé junto a uma rua, na Ericeira, Portugal — fotografia de arquivo 095.",
        "subject": "dog",
        "record_url": "https://tails-and-trails.github.io/ericeira-dog-photos/095/",
        "image_url": "https://tails-and-trails.github.io/tailsandtrails/ericeira-pet-care-images/tails-and-trails-pet-care-ericeira-046/tails-and-trails-pet-care-ericeira-095.jpg",
        "commons_url": "https://commons.wikimedia.org/wiki/File:Domestic%20dog%20in%20Ericeira%2C%20Portugal%20095.jpg",
        "license": "https://creativecommons.org/licenses/by/4.0/",
        "sha256": "4610ec3ccb04549c28dee129cedb61057d5f20cea12d0370af9cfae84bcf3b49",
        "coordinate_scope": "approximate Ericeira locality coordinate; not exact capture location",
        "exact_capture_location": false
      }
    },
    {
      "type": "Feature",
      "id": "tails-trails-photo-096",
      "geometry": {
        "type": "Point",
        "coordinates": [
          -9.41563,
          38.96275
        ]
      },
      "properties": {
        "name": "Tan dog close-up — archive photo 096",
        "description": "A dog with a tan coat shown in a close-up portrait outdoors in Ericeira, Portugal — archive photo 096.",
        "description_pt": "Um cão de pelagem fulva num retrato aproximado no exterior, na Ericeira, Portugal — fotografia de arquivo 096.",
        "subject": "dog",
        "record_url": "https://tails-and-trails.github.io/ericeira-dog-photos/096/",
        "image_url": "https://tails-and-trails.github.io/tailsandtrails/ericeira-pet-care-images/tails-and-trails-pet-care-ericeira-047/tails-and-trails-pet-care-ericeira-096.jpg",
        "commons_url": "https://commons.wikimedia.org/wiki/File:Domestic%20dog%20in%20Ericeira%2C%20Portugal%20096.jpg",
        "license": "https://creativecommons.org/licenses/by/4.0/",
        "sha256": "e360d1b55d5a811fc594ed3b7c79d3989eb2aa743be5a3ff3d6bb4ab798a914a",
        "coordinate_scope": "approximate Ericeira locality coordinate; not exact capture location",
        "exact_capture_location": false
      }
    },
    {
      "type": "Feature",
      "id": "tails-trails-photo-097",
      "geometry": {
        "type": "Point",
        "coordinates": [
          -9.41563,
          38.96275
        ]
      },
      "properties": {
        "name": "Tan dog sitting — archive photo 097",
        "description": "A dog with a tan coat sitting outdoors in Ericeira, Portugal — archive photo 097.",
        "description_pt": "Um cão de pelagem fulva sentado no exterior, na Ericeira, Portugal — fotografia de arquivo 097.",
        "subject": "dog",
        "record_url": "https://tails-and-trails.github.io/ericeira-dog-photos/097/",
        "image_url": "https://tails-and-trails.github.io/tailsandtrails/ericeira-pet-care-images/tails-and-trails-pet-care-ericeira-047/tails-and-trails-pet-care-ericeira-097.jpg",
        "commons_url": "https://commons.wikimedia.org/wiki/File:Domestic%20dog%20in%20Ericeira%2C%20Portugal%20097.jpg",
        "license": "https://creativecommons.org/licenses/by/4.0/",
        "sha256": "1a882db0b7df67775d1629c776810bc186031608b7475b4aa6db18945a4e10f5",
        "coordinate_scope": "approximate Ericeira locality coordinate; not exact capture location",
        "exact_capture_location": false
      }
    },
    {
      "type": "Feature",
      "id": "tails-trails-photo-098",
      "geometry": {
        "type": "Point",
        "coordinates": [
          -9.41563,
          38.96275
        ]
      },
      "properties": {
        "name": "Black dog standing — archive photo 098",
        "description": "A dog with a black coat standing beside turquoise water in Ericeira, Portugal — archive photo 098.",
        "description_pt": "Um cão de pelagem preta de pé junto a água azul-turquesa, na Ericeira, Portugal — fotografia de arquivo 098.",
        "subject": "dog",
        "record_url": "https://tails-and-trails.github.io/ericeira-dog-photos/098/",
        "image_url": "https://tails-and-trails.github.io/tailsandtrails/ericeira-pet-care-images/tails-and-trails-pet-care-ericeira-048/tails-and-trails-pet-care-ericeira-098.jpg",
        "commons_url": "https://commons.wikimedia.org/wiki/File:Domestic%20dog%20in%20Ericeira%2C%20Portugal%20098.jpg",
        "license": "https://creativecommons.org/licenses/by/4.0/",
        "sha256": "d28a24279786209acc293d8c21fe1aa1f33e2c01f4713e79b5edca5e8358b8ee",
        "coordinate_scope": "approximate Ericeira locality coordinate; not exact capture location",
        "exact_capture_location": false
      }
    },
    {
      "type": "Feature",
      "id": "tails-trails-photo-099",
      "geometry": {
        "type": "Point",
        "coordinates": [
          -9.41563,
          38.96275
        ]
      },
      "properties": {
        "name": "Brown dog walking — archive photo 099",
        "description": "A dog with a brown coat walking beside turquoise water in Ericeira, Portugal — archive photo 099.",
        "description_pt": "Um cão de pelagem castanha a caminhar junto a água azul-turquesa, na Ericeira, Portugal — fotografia de arquivo 099.",
        "subject": "dog",
        "record_url": "https://tails-and-trails.github.io/ericeira-dog-photos/099/",
        "image_url": "https://tails-and-trails.github.io/tailsandtrails/ericeira-pet-care-images/tails-and-trails-pet-care-ericeira-048/tails-and-trails-pet-care-ericeira-099.jpg",
        "commons_url": "https://commons.wikimedia.org/wiki/File:Domestic%20dog%20in%20Ericeira%2C%20Portugal%20099.jpg",
        "license": "https://creativecommons.org/licenses/by/4.0/",
        "sha256": "a5d5511c199ec09e690f3b2901c3df57e71ffad79f375e1b3130587c7db70c15",
        "coordinate_scope": "approximate Ericeira locality coordinate; not exact capture location",
        "exact_capture_location": false
      }
    },
    {
      "type": "Feature",
      "id": "tails-trails-photo-100",
      "geometry": {
        "type": "Point",
        "coordinates": [
          -9.41563,
          38.96275
        ]
      },
      "properties": {
        "name": "Tan dog standing — archive photo 100",
        "description": "A dog with a tan coat standing in tree shade in Ericeira, Portugal — archive photo 100.",
        "description_pt": "Um cão de pelagem fulva de pé à sombra de árvores, na Ericeira, Portugal — fotografia de arquivo 100.",
        "subject": "dog",
        "record_url": "https://tails-and-trails.github.io/ericeira-dog-photos/100/",
        "image_url": "https://tails-and-trails.github.io/tailsandtrails/ericeira-pet-care-images/tails-and-trails-pet-care-ericeira-049/tails-and-trails-pet-care-ericeira-100.jpg",
        "commons_url": "https://commons.wikimedia.org/wiki/File:Domestic%20dog%20in%20Ericeira%2C%20Portugal%20100.jpg",
        "license": "https://creativecommons.org/licenses/by/4.0/",
        "sha256": "4b9f60a0880a885953250790e4828396468d7b21f463a1aef001217614304121",
        "coordinate_scope": "approximate Ericeira locality coordinate; not exact capture location",
        "exact_capture_location": false
      }
    },
    {
      "type": "Feature",
      "id": "tails-trails-photo-101",
      "geometry": {
        "type": "Point",
        "coordinates": [
          -9.41563,
          38.96275
        ]
      },
      "properties": {
        "name": "Mixed-coat dogs sniffing — archive photo 101",
        "description": "Two dogs with contrasting coats sniffing on grass in Ericeira, Portugal — archive photo 101.",
        "description_pt": "Dois cães com pelagens contrastantes a farejar na relva, na Ericeira, Portugal — fotografia de arquivo 101.",
        "subject": "dogs",
        "record_url": "https://tails-and-trails.github.io/ericeira-dog-photos/101/",
        "image_url": "https://tails-and-trails.github.io/tailsandtrails/ericeira-pet-care-images/tails-and-trails-pet-care-ericeira-049/tails-and-trails-pet-care-ericeira-101.jpg",
        "commons_url": "https://commons.wikimedia.org/wiki/File:Domestic%20dog%20in%20Ericeira%2C%20Portugal%20101.jpg",
        "license": "https://creativecommons.org/licenses/by/4.0/",
        "sha256": "3503dd004644ab9a940741aef340cd72660c906e6b0903c0e96f31c29919deae",
        "coordinate_scope": "approximate Ericeira locality coordinate; not exact capture location",
        "exact_capture_location": false
      }
    },
    {
      "type": "Feature",
      "id": "tails-trails-photo-102",
      "geometry": {
        "type": "Point",
        "coordinates": [
          -9.41563,
          38.96275
        ]
      },
      "properties": {
        "name": "White-and-tan dog profile — archive photo 102",
        "description": "A dog with a white and tan coat looking to the side in a park in Ericeira, Portugal — archive photo 102.",
        "description_pt": "Um cão de pelagem branca e fulva a olhar de perfil num parque, na Ericeira, Portugal — fotografia de arquivo 102.",
        "subject": "dog",
        "record_url": "https://tails-and-trails.github.io/ericeira-dog-photos/102/",
        "image_url": "https://tails-and-trails.github.io/tailsandtrails/ericeira-pet-care-images/tails-and-trails-pet-care-ericeira-049/tails-and-trails-pet-care-ericeira-102.jpg",
        "commons_url": "https://commons.wikimedia.org/wiki/File:Domestic%20dog%20in%20Ericeira%2C%20Portugal%20102.jpg",
        "license": "https://creativecommons.org/licenses/by/4.0/",
        "sha256": "fba3e4b679b51ad477fc28cdc92153bff4ac6bf867ff7198421fdcf286d4b32c",
        "coordinate_scope": "approximate Ericeira locality coordinate; not exact capture location",
        "exact_capture_location": false
      }
    },
    {
      "type": "Feature",
      "id": "tails-trails-photo-103",
      "geometry": {
        "type": "Point",
        "coordinates": [
          -9.41563,
          38.96275
        ]
      },
      "properties": {
        "name": "Tan dog walking — archive photo 103",
        "description": "A dog with a tan coat walking in a park in Ericeira, Portugal — archive photo 103.",
        "description_pt": "Um cão de pelagem fulva a caminhar num parque, na Ericeira, Portugal — fotografia de arquivo 103.",
        "subject": "dog",
        "record_url": "https://tails-and-trails.github.io/ericeira-dog-photos/103/",
        "image_url": "https://tails-and-trails.github.io/tailsandtrails/ericeira-pet-care-images/tails-and-trails-pet-care-ericeira-050/tails-and-trails-pet-care-ericeira-103.jpg",
        "commons_url": "https://commons.wikimedia.org/wiki/File:Domestic%20dog%20in%20Ericeira%2C%20Portugal%20103.jpg",
        "license": "https://creativecommons.org/licenses/by/4.0/",
        "sha256": "20a8ab2019332a5e63d6c6e07c8727abcab450d0c2fdbf8afbb2a51490636e97",
        "coordinate_scope": "approximate Ericeira locality coordinate; not exact capture location",
        "exact_capture_location": false
      }
    },
    {
      "type": "Feature",
      "id": "tails-trails-photo-104",
      "geometry": {
        "type": "Point",
        "coordinates": [
          -9.41563,
          38.96275
        ]
      },
      "properties": {
        "name": "Golden dog resting — archive photo 104",
        "description": "A dog with a golden coat resting indoors in Ericeira, Portugal — archive photo 104.",
        "description_pt": "Um cão de pelagem dourada a descansar no interior, na Ericeira, Portugal — fotografia de arquivo 104.",
        "subject": "dog",
        "record_url": "https://tails-and-trails.github.io/ericeira-dog-photos/104/",
        "image_url": "https://tails-and-trails.github.io/tailsandtrails/ericeira-pet-care-images/tails-and-trails-pet-care-ericeira-051/tails-and-trails-pet-care-ericeira-104.jpg",
        "commons_url": "https://commons.wikimedia.org/wiki/File:Domestic%20dog%20in%20Ericeira%2C%20Portugal%20104.jpg",
        "license": "https://creativecommons.org/licenses/by/4.0/",
        "sha256": "d4ad52ea9542dfc74245aa4e16bc5bbc5129bba8704f16b75b8139a33db58be9",
        "coordinate_scope": "approximate Ericeira locality coordinate; not exact capture location",
        "exact_capture_location": false
      }
    },
    {
      "type": "Feature",
      "id": "tails-trails-photo-105",
      "geometry": {
        "type": "Point",
        "coordinates": [
          -9.41563,
          38.96275
        ]
      },
      "properties": {
        "name": "Brown dog portrait — archive photo 105",
        "description": "A dog with a brown coat looking toward the camera on pavement in Ericeira, Portugal — archive photo 105.",
        "description_pt": "Um cão de pelagem castanha a olhar para a câmara no pavimento, na Ericeira, Portugal — fotografia de arquivo 105.",
        "subject": "dog",
        "record_url": "https://tails-and-trails.github.io/ericeira-dog-photos/105/",
        "image_url": "https://tails-and-trails.github.io/tailsandtrails/ericeira-pet-care-images/tails-and-trails-pet-care-ericeira-052/tails-and-trails-pet-care-ericeira-105.jpg",
        "commons_url": "https://commons.wikimedia.org/wiki/File:Domestic%20dog%20in%20Ericeira%2C%20Portugal%20105.jpg",
        "license": "https://creativecommons.org/licenses/by/4.0/",
        "sha256": "75d80e2b838efc80362f4a9219109686f370a531f5057ba99f02bbdbe62e5abc",
        "coordinate_scope": "approximate Ericeira locality coordinate; not exact capture location",
        "exact_capture_location": false
      }
    },
    {
      "type": "Feature",
      "id": "tails-trails-photo-106",
      "geometry": {
        "type": "Point",
        "coordinates": [
          -9.41563,
          38.96275
        ]
      },
      "properties": {
        "name": "Black-and-white dog sitting — archive photo 106",
        "description": "A dog with a black and white coat sitting beside a wall in Ericeira, Portugal — archive photo 106.",
        "description_pt": "Um cão de pelagem preta e branca sentado junto a uma parede, na Ericeira, Portugal — fotografia de arquivo 106.",
        "subject": "dog",
        "record_url": "https://tails-and-trails.github.io/ericeira-dog-photos/106/",
        "image_url": "https://tails-and-trails.github.io/tailsandtrails/ericeira-pet-care-images/tails-and-trails-pet-care-ericeira-053/tails-and-trails-pet-care-ericeira-106.jpg",
        "commons_url": "https://commons.wikimedia.org/wiki/File:Domestic%20dog%20in%20Ericeira%2C%20Portugal%20106.jpg",
        "license": "https://creativecommons.org/licenses/by/4.0/",
        "sha256": "a89423b2f7e15ba5abd1189c736d906929722822e6e8870d765afde16e6559a0",
        "coordinate_scope": "approximate Ericeira locality coordinate; not exact capture location",
        "exact_capture_location": false
      }
    },
    {
      "type": "Feature",
      "id": "tails-trails-photo-107",
      "geometry": {
        "type": "Point",
        "coordinates": [
          -9.41563,
          38.96275
        ]
      },
      "properties": {
        "name": "Black-and-white dog sitting — archive photo 107",
        "description": "A dog with a black and white coat sitting on a path in Ericeira, Portugal — archive photo 107.",
        "description_pt": "Um cão de pelagem preta e branca sentado num caminho, na Ericeira, Portugal — fotografia de arquivo 107.",
        "subject": "dog",
        "record_url": "https://tails-and-trails.github.io/ericeira-dog-photos/107/",
        "image_url": "https://tails-and-trails.github.io/tailsandtrails/ericeira-pet-care-images/tails-and-trails-pet-care-ericeira-054/tails-and-trails-pet-care-ericeira-107.jpg",
        "commons_url": "https://commons.wikimedia.org/wiki/File:Domestic%20dog%20in%20Ericeira%2C%20Portugal%20107.jpg",
        "license": "https://creativecommons.org/licenses/by/4.0/",
        "sha256": "bf1d84bc491098b31d104a2f40f226ba2bfd820a1ea1b063daafc639910b6e24",
        "coordinate_scope": "approximate Ericeira locality coordinate; not exact capture location",
        "exact_capture_location": false
      }
    },
    {
      "type": "Feature",
      "id": "tails-trails-photo-108",
      "geometry": {
        "type": "Point",
        "coordinates": [
          -9.41563,
          38.96275
        ]
      },
      "properties": {
        "name": "Black-and-white dog lying down — archive photo 108",
        "description": "A dog with a black and white coat lying down outdoors in Ericeira, Portugal — archive photo 108.",
        "description_pt": "Um cão de pelagem preta e branca deitado no exterior, na Ericeira, Portugal — fotografia de arquivo 108.",
        "subject": "dog",
        "record_url": "https://tails-and-trails.github.io/ericeira-dog-photos/108/",
        "image_url": "https://tails-and-trails.github.io/tailsandtrails/ericeira-pet-care-images/tails-and-trails-pet-care-ericeira-054/tails-and-trails-pet-care-ericeira-108.jpg",
        "commons_url": "https://commons.wikimedia.org/wiki/File:Domestic%20dog%20in%20Ericeira%2C%20Portugal%20108.jpg",
        "license": "https://creativecommons.org/licenses/by/4.0/",
        "sha256": "ef3587525e8871a719268d3c02ef25d5677613607fc1e3d5970d3886413979c2",
        "coordinate_scope": "approximate Ericeira locality coordinate; not exact capture location",
        "exact_capture_location": false
      }
    },
    {
      "type": "Feature",
      "id": "tails-trails-photo-109",
      "geometry": {
        "type": "Point",
        "coordinates": [
          -9.41563,
          38.96275
        ]
      },
      "properties": {
        "name": "Cream dog winking — archive photo 109",
        "description": "A dog with a cream coat winking toward the camera on grass in Ericeira, Portugal — archive photo 109.",
        "description_pt": "Um cão de pelagem creme a piscar o olho à câmara na relva, na Ericeira, Portugal — fotografia de arquivo 109.",
        "subject": "dog",
        "record_url": "https://tails-and-trails.github.io/ericeira-dog-photos/109/",
        "image_url": "https://tails-and-trails.github.io/tailsandtrails/ericeira-pet-care-images/tails-and-trails-pet-care-ericeira-055/tails-and-trails-pet-care-ericeira-109.jpg",
        "commons_url": "https://commons.wikimedia.org/wiki/File:Domestic%20dog%20in%20Ericeira%2C%20Portugal%20109.jpg",
        "license": "https://creativecommons.org/licenses/by/4.0/",
        "sha256": "bc5a9d4a26e1d842ccd3c6b2a1a3dcea0947f81978344c18b09797a3c481aecd",
        "coordinate_scope": "approximate Ericeira locality coordinate; not exact capture location",
        "exact_capture_location": false
      }
    },
    {
      "type": "Feature",
      "id": "tails-trails-photo-110",
      "geometry": {
        "type": "Point",
        "coordinates": [
          -9.41563,
          38.96275
        ]
      },
      "properties": {
        "name": "Golden dog sitting — archive photo 110",
        "description": "A dog with a golden coat sitting on grass in Ericeira, Portugal — archive photo 110.",
        "description_pt": "Um cão de pelagem dourada sentado na relva, na Ericeira, Portugal — fotografia de arquivo 110.",
        "subject": "dog",
        "record_url": "https://tails-and-trails.github.io/ericeira-dog-photos/110/",
        "image_url": "https://tails-and-trails.github.io/tailsandtrails/ericeira-pet-care-images/tails-and-trails-pet-care-ericeira-056/tails-and-trails-pet-care-ericeira-110.jpg",
        "commons_url": "https://commons.wikimedia.org/wiki/File:Domestic%20dog%20in%20Ericeira%2C%20Portugal%20110.jpg",
        "license": "https://creativecommons.org/licenses/by/4.0/",
        "sha256": "5e00c251bda1f0cab5706547fef43c2c16dda9647974c2e34fb5a24ccb78e332",
        "coordinate_scope": "approximate Ericeira locality coordinate; not exact capture location",
        "exact_capture_location": false
      }
    },
    {
      "type": "Feature",
      "id": "tails-trails-photo-111",
      "geometry": {
        "type": "Point",
        "coordinates": [
          -9.41563,
          38.96275
        ]
      },
      "properties": {
        "name": "Golden dog portrait — archive photo 111",
        "description": "A dog with a golden coat looking toward the camera on grass in Ericeira, Portugal — archive photo 111.",
        "description_pt": "Um cão de pelagem dourada a olhar para a câmara na relva, na Ericeira, Portugal — fotografia de arquivo 111.",
        "subject": "dog",
        "record_url": "https://tails-and-trails.github.io/ericeira-dog-photos/111/",
        "image_url": "https://tails-and-trails.github.io/tailsandtrails/ericeira-pet-care-images/tails-and-trails-pet-care-ericeira-056/tails-and-trails-pet-care-ericeira-111.jpg",
        "commons_url": "https://commons.wikimedia.org/wiki/File:Domestic%20dog%20in%20Ericeira%2C%20Portugal%20111.jpg",
        "license": "https://creativecommons.org/licenses/by/4.0/",
        "sha256": "2c9d135141047dbfbb1bd720ed7b52c015abf62185aee1a3e58f3acf386510a7",
        "coordinate_scope": "approximate Ericeira locality coordinate; not exact capture location",
        "exact_capture_location": false
      }
    },
    {
      "type": "Feature",
      "id": "tails-trails-photo-112",
      "geometry": {
        "type": "Point",
        "coordinates": [
          -9.41563,
          38.96275
        ]
      },
      "properties": {
        "name": "Black dog close-up — archive photo 112",
        "description": "A dog with a black coat shown in a close-up portrait on grass in Ericeira, Portugal — archive photo 112.",
        "description_pt": "Um cão de pelagem preta num retrato aproximado na relva, na Ericeira, Portugal — fotografia de arquivo 112.",
        "subject": "dog",
        "record_url": "https://tails-and-trails.github.io/ericeira-dog-photos/112/",
        "image_url": "https://tails-and-trails.github.io/tailsandtrails/ericeira-pet-care-images/tails-and-trails-pet-care-ericeira-057/tails-and-trails-pet-care-ericeira-112.jpg",
        "commons_url": "https://commons.wikimedia.org/wiki/File:Domestic%20dog%20in%20Ericeira%2C%20Portugal%20112.jpg",
        "license": "https://creativecommons.org/licenses/by/4.0/",
        "sha256": "904075f3985259365c17345ff9b31d853d784e8b2427600fdb4f6387e5df5b80",
        "coordinate_scope": "approximate Ericeira locality coordinate; not exact capture location",
        "exact_capture_location": false
      }
    },
    {
      "type": "Feature",
      "id": "tails-trails-photo-113",
      "geometry": {
        "type": "Point",
        "coordinates": [
          -9.41563,
          38.96275
        ]
      },
      "properties": {
        "name": "Tan dog portrait — archive photo 113",
        "description": "A dog with a tan coat looking toward the camera on grass in Ericeira, Portugal — archive photo 113.",
        "description_pt": "Um cão de pelagem fulva a olhar para a câmara na relva, na Ericeira, Portugal — fotografia de arquivo 113.",
        "subject": "dog",
        "record_url": "https://tails-and-trails.github.io/ericeira-dog-photos/113/",
        "image_url": "https://tails-and-trails.github.io/tailsandtrails/ericeira-pet-care-images/tails-and-trails-pet-care-ericeira-058/tails-and-trails-pet-care-ericeira-113.jpg",
        "commons_url": "https://commons.wikimedia.org/wiki/File:Domestic%20dog%20in%20Ericeira%2C%20Portugal%20113.jpg",
        "license": "https://creativecommons.org/licenses/by/4.0/",
        "sha256": "a8da1ab7d56e5ac7838c5511136cd143ebac9fdb5f6bd13641a533b74305e58e",
        "coordinate_scope": "approximate Ericeira locality coordinate; not exact capture location",
        "exact_capture_location": false
      }
    },
    {
      "type": "Feature",
      "id": "tails-trails-photo-114",
      "geometry": {
        "type": "Point",
        "coordinates": [
          -9.41563,
          38.96275
        ]
      },
      "properties": {
        "name": "Tan dog sitting — archive photo 114",
        "description": "A dog with a tan coat sitting on grass in Ericeira, Portugal — archive photo 114.",
        "description_pt": "Um cão de pelagem fulva sentado na relva, na Ericeira, Portugal — fotografia de arquivo 114.",
        "subject": "dog",
        "record_url": "https://tails-and-trails.github.io/ericeira-dog-photos/114/",
        "image_url": "https://tails-and-trails.github.io/tailsandtrails/ericeira-pet-care-images/tails-and-trails-pet-care-ericeira-058/tails-and-trails-pet-care-ericeira-114.jpg",
        "commons_url": "https://commons.wikimedia.org/wiki/File:Domestic%20dog%20in%20Ericeira%2C%20Portugal%20114.jpg",
        "license": "https://creativecommons.org/licenses/by/4.0/",
        "sha256": "200ba159b9c674d2f0b5240ba4cd89e062e351d21d35337633280b5eea0fb629",
        "coordinate_scope": "approximate Ericeira locality coordinate; not exact capture location",
        "exact_capture_location": false
      }
    },
    {
      "type": "Feature",
      "id": "tails-trails-photo-115",
      "geometry": {
        "type": "Point",
        "coordinates": [
          -9.41563,
          38.96275
        ]
      },
      "properties": {
        "name": "Chocolate-brown dog portrait — archive photo 115",
        "description": "A dog with a chocolate-brown coat looking toward the camera on grass in Ericeira, Portugal — archive photo 115.",
        "description_pt": "Um cão de pelagem castanha chocolate a olhar para a câmara na relva, na Ericeira, Portugal — fotografia de arquivo 115.",
        "subject": "dog",
        "record_url": "https://tails-and-trails.github.io/ericeira-dog-photos/115/",
        "image_url": "https://tails-and-trails.github.io/tailsandtrails/ericeira-pet-care-images/tails-and-trails-pet-care-ericeira-059/tails-and-trails-pet-care-ericeira-115.jpg",
        "commons_url": "https://commons.wikimedia.org/wiki/File:Domestic%20dog%20in%20Ericeira%2C%20Portugal%20115.jpg",
        "license": "https://creativecommons.org/licenses/by/4.0/",
        "sha256": "01f8e2b7953b33599ffb2a7f73a5eca49345f3a472fbe74cdc3cbf2971c48827",
        "coordinate_scope": "approximate Ericeira locality coordinate; not exact capture location",
        "exact_capture_location": false
      }
    },
    {
      "type": "Feature",
      "id": "tails-trails-photo-116",
      "geometry": {
        "type": "Point",
        "coordinates": [
          -9.41563,
          38.96275
        ]
      },
      "properties": {
        "name": "Black dog standing — archive photo 116",
        "description": "A dog with a black coat standing outdoors in Ericeira, Portugal — archive photo 116.",
        "description_pt": "Um cão de pelagem preta de pé no exterior, na Ericeira, Portugal — fotografia de arquivo 116.",
        "subject": "dog",
        "record_url": "https://tails-and-trails.github.io/ericeira-dog-photos/116/",
        "image_url": "https://tails-and-trails.github.io/tailsandtrails/ericeira-pet-care-images/tails-and-trails-pet-care-ericeira-060/tails-and-trails-pet-care-ericeira-116.jpg",
        "commons_url": "https://commons.wikimedia.org/wiki/File:Domestic%20dog%20in%20Ericeira%2C%20Portugal%20116.jpg",
        "license": "https://creativecommons.org/licenses/by/4.0/",
        "sha256": "b6afdcd606c0d693a92311be4344b4879067b7d7445f217e4170411b89a5d819",
        "coordinate_scope": "approximate Ericeira locality coordinate; not exact capture location",
        "exact_capture_location": false
      }
    },
    {
      "type": "Feature",
      "id": "tails-trails-photo-117",
      "geometry": {
        "type": "Point",
        "coordinates": [
          -9.41563,
          38.96275
        ]
      },
      "properties": {
        "name": "Tan dog standing — archive photo 117",
        "description": "A dog with a tan coat standing outdoors in Ericeira, Portugal — archive photo 117.",
        "description_pt": "Um cão de pelagem fulva de pé no exterior, na Ericeira, Portugal — fotografia de arquivo 117.",
        "subject": "dog",
        "record_url": "https://tails-and-trails.github.io/ericeira-dog-photos/117/",
        "image_url": "https://tails-and-trails.github.io/tailsandtrails/ericeira-pet-care-images/tails-and-trails-pet-care-ericeira-060/tails-and-trails-pet-care-ericeira-117.jpg",
        "commons_url": "https://commons.wikimedia.org/wiki/File:Domestic%20dog%20in%20Ericeira%2C%20Portugal%20117.jpg",
        "license": "https://creativecommons.org/licenses/by/4.0/",
        "sha256": "e5438108a72bfc7eeaaaecd32595439f0a49ef27a320a44d4abce63c2a465155",
        "coordinate_scope": "approximate Ericeira locality coordinate; not exact capture location",
        "exact_capture_location": false
      }
    },
    {
      "type": "Feature",
      "id": "tails-trails-photo-118",
      "geometry": {
        "type": "Point",
        "coordinates": [
          -9.41563,
          38.96275
        ]
      },
      "properties": {
        "name": "White dog portrait — archive photo 118",
        "description": "A dog with a white coat looking toward the camera outdoors in Ericeira, Portugal — archive photo 118.",
        "description_pt": "Um cão de pelagem branca a olhar para a câmara no exterior, na Ericeira, Portugal — fotografia de arquivo 118.",
        "subject": "dog",
        "record_url": "https://tails-and-trails.github.io/ericeira-dog-photos/118/",
        "image_url": "https://tails-and-trails.github.io/tailsandtrails/ericeira-pet-care-images/tails-and-trails-pet-care-ericeira-061/tails-and-trails-pet-care-ericeira-118.jpg",
        "commons_url": "https://commons.wikimedia.org/wiki/File:Domestic%20dog%20in%20Ericeira%2C%20Portugal%20118.jpg",
        "license": "https://creativecommons.org/licenses/by/4.0/",
        "sha256": "a324cd9569f4ca348222281b24de29d5bcadfc58101ba5ad3d91e94be68dd7d7",
        "coordinate_scope": "approximate Ericeira locality coordinate; not exact capture location",
        "exact_capture_location": false
      }
    },
    {
      "type": "Feature",
      "id": "tails-trails-photo-119",
      "geometry": {
        "type": "Point",
        "coordinates": [
          -9.41563,
          38.96275
        ]
      },
      "properties": {
        "name": "Tan-and-black dog portrait — archive photo 119",
        "description": "A dog with a tan and black coat looking toward the camera outdoors in Ericeira, Portugal — archive photo 119.",
        "description_pt": "Um cão de pelagem fulva e preta a olhar para a câmara no exterior, na Ericeira, Portugal — fotografia de arquivo 119.",
        "subject": "dog",
        "record_url": "https://tails-and-trails.github.io/ericeira-dog-photos/119/",
        "image_url": "https://tails-and-trails.github.io/tailsandtrails/ericeira-pet-care-images/tails-and-trails-pet-care-ericeira-062/tails-and-trails-pet-care-ericeira-119.jpg",
        "commons_url": "https://commons.wikimedia.org/wiki/File:Domestic%20dog%20in%20Ericeira%2C%20Portugal%20119.jpg",
        "license": "https://creativecommons.org/licenses/by/4.0/",
        "sha256": "359081115e7726056e6e1578fb6a777862e1f0aae5ef9a15794775e6842dbbba",
        "coordinate_scope": "approximate Ericeira locality coordinate; not exact capture location",
        "exact_capture_location": false
      }
    },
    {
      "type": "Feature",
      "id": "tails-trails-photo-120",
      "geometry": {
        "type": "Point",
        "coordinates": [
          -9.41563,
          38.96275
        ]
      },
      "properties": {
        "name": "Black dog sitting — archive photo 120",
        "description": "A dog with a black coat sitting outdoors in Ericeira, Portugal — archive photo 120.",
        "description_pt": "Um cão de pelagem preta sentado no exterior, na Ericeira, Portugal — fotografia de arquivo 120.",
        "subject": "dog",
        "record_url": "https://tails-and-trails.github.io/ericeira-dog-photos/120/",
        "image_url": "https://tails-and-trails.github.io/tailsandtrails/ericeira-pet-care-images/tails-and-trails-pet-care-ericeira-063/tails-and-trails-pet-care-ericeira-120.jpg",
        "commons_url": "https://commons.wikimedia.org/wiki/File:Domestic%20dog%20in%20Ericeira%2C%20Portugal%20120.jpg",
        "license": "https://creativecommons.org/licenses/by/4.0/",
        "sha256": "4a52f459754452cba497a59979d3c9ba91ba617559b231a367040aa650d6838a",
        "coordinate_scope": "approximate Ericeira locality coordinate; not exact capture location",
        "exact_capture_location": false
      }
    },
    {
      "type": "Feature",
      "id": "tails-trails-photo-121",
      "geometry": {
        "type": "Point",
        "coordinates": [
          -9.41563,
          38.96275
        ]
      },
      "properties": {
        "name": "Brown dog portrait — archive photo 121",
        "description": "A dog with a brown coat looking toward the camera on grass in Ericeira, Portugal — archive photo 121.",
        "description_pt": "Um cão de pelagem castanha a olhar para a câmara na relva, na Ericeira, Portugal — fotografia de arquivo 121.",
        "subject": "dog",
        "record_url": "https://tails-and-trails.github.io/ericeira-dog-photos/121/",
        "image_url": "https://tails-and-trails.github.io/tailsandtrails/ericeira-pet-care-images/tails-and-trails-pet-care-ericeira-064/tails-and-trails-pet-care-ericeira-121.jpg",
        "commons_url": "https://commons.wikimedia.org/wiki/File:Domestic%20dog%20in%20Ericeira%2C%20Portugal%20121.jpg",
        "license": "https://creativecommons.org/licenses/by/4.0/",
        "sha256": "93f07866aba66998b1db1ad41d6f7d00b4557e6e2aff86e5ba37126a2bec1c5d",
        "coordinate_scope": "approximate Ericeira locality coordinate; not exact capture location",
        "exact_capture_location": false
      }
    },
    {
      "type": "Feature",
      "id": "tails-trails-photo-122",
      "geometry": {
        "type": "Point",
        "coordinates": [
          -9.41563,
          38.96275
        ]
      },
      "properties": {
        "name": "White-and-black dog standing — archive photo 122",
        "description": "A dog with a white and black coat standing indoors in Ericeira, Portugal — archive photo 122.",
        "description_pt": "Um cão de pelagem branca e preta de pé no interior, na Ericeira, Portugal — fotografia de arquivo 122.",
        "subject": "dog",
        "record_url": "https://tails-and-trails.github.io/ericeira-dog-photos/122/",
        "image_url": "https://tails-and-trails.github.io/tailsandtrails/ericeira-pet-care-images/tails-and-trails-pet-care-ericeira-065/tails-and-trails-pet-care-ericeira-122.jpg",
        "commons_url": "https://commons.wikimedia.org/wiki/File:Domestic%20dog%20in%20Ericeira%2C%20Portugal%20122.jpg",
        "license": "https://creativecommons.org/licenses/by/4.0/",
        "sha256": "0d9d400d89e3428594aba42529629049a5d7ccda759ab93498aed561c0d94700",
        "coordinate_scope": "approximate Ericeira locality coordinate; not exact capture location",
        "exact_capture_location": false
      }
    },
    {
      "type": "Feature",
      "id": "tails-trails-photo-123",
      "geometry": {
        "type": "Point",
        "coordinates": [
          -9.41563,
          38.96275
        ]
      },
      "properties": {
        "name": "Black-and-white dog resting — archive photo 123",
        "description": "A dog with a black and white coat resting indoors in Ericeira, Portugal — archive photo 123.",
        "description_pt": "Um cão de pelagem preta e branca a descansar no interior, na Ericeira, Portugal — fotografia de arquivo 123.",
        "subject": "dog",
        "record_url": "https://tails-and-trails.github.io/ericeira-dog-photos/123/",
        "image_url": "https://tails-and-trails.github.io/tailsandtrails/ericeira-pet-care-images/tails-and-trails-pet-care-ericeira-066/tails-and-trails-pet-care-ericeira-123.jpg",
        "commons_url": "https://commons.wikimedia.org/wiki/File:Domestic%20dog%20in%20Ericeira%2C%20Portugal%20123.jpg",
        "license": "https://creativecommons.org/licenses/by/4.0/",
        "sha256": "9a730635c4e8249eb6027ee3b882b26ba4feb1bdce46d5ee30e3a6b7e63bc002",
        "coordinate_scope": "approximate Ericeira locality coordinate; not exact capture location",
        "exact_capture_location": false
      }
    },
    {
      "type": "Feature",
      "id": "tails-trails-photo-124",
      "geometry": {
        "type": "Point",
        "coordinates": [
          -9.41563,
          38.96275
        ]
      },
      "properties": {
        "name": "Black-and-white dog profile — archive photo 124",
        "description": "A dog with a black and white coat looking to the side indoors in Ericeira, Portugal — archive photo 124.",
        "description_pt": "Um cão de pelagem preta e branca a olhar de perfil no interior, na Ericeira, Portugal — fotografia de arquivo 124.",
        "subject": "dog",
        "record_url": "https://tails-and-trails.github.io/ericeira-dog-photos/124/",
        "image_url": "https://tails-and-trails.github.io/tailsandtrails/ericeira-pet-care-images/tails-and-trails-pet-care-ericeira-066/tails-and-trails-pet-care-ericeira-124.jpg",
        "commons_url": "https://commons.wikimedia.org/wiki/File:Domestic%20dog%20in%20Ericeira%2C%20Portugal%20124.jpg",
        "license": "https://creativecommons.org/licenses/by/4.0/",
        "sha256": "2446a4e9be83922fc11822bf2d6a440be048694028cf37486a1cf75c7fb73f2f",
        "coordinate_scope": "approximate Ericeira locality coordinate; not exact capture location",
        "exact_capture_location": false
      }
    },
    {
      "type": "Feature",
      "id": "tails-trails-photo-125",
      "geometry": {
        "type": "Point",
        "coordinates": [
          -9.41563,
          38.96275
        ]
      },
      "properties": {
        "name": "Black-and-white dog sitting — archive photo 125",
        "description": "A dog with a black and white coat sitting on a sidewalk in Ericeira, Portugal — archive photo 125.",
        "description_pt": "Um cão de pelagem preta e branca sentado num passeio, na Ericeira, Portugal — fotografia de arquivo 125.",
        "subject": "dog",
        "record_url": "https://tails-and-trails.github.io/ericeira-dog-photos/125/",
        "image_url": "https://tails-and-trails.github.io/tailsandtrails/ericeira-pet-care-images/tails-and-trails-pet-care-ericeira-067/tails-and-trails-pet-care-ericeira-125.jpg",
        "commons_url": "https://commons.wikimedia.org/wiki/File:Domestic%20dog%20in%20Ericeira%2C%20Portugal%20125.jpg",
        "license": "https://creativecommons.org/licenses/by/4.0/",
        "sha256": "e359d17a27348e4800e73951c8b03de247184164bf594b449949556ec53a34da",
        "coordinate_scope": "approximate Ericeira locality coordinate; not exact capture location",
        "exact_capture_location": false
      }
    },
    {
      "type": "Feature",
      "id": "tails-trails-photo-126",
      "geometry": {
        "type": "Point",
        "coordinates": [
          -9.41563,
          38.96275
        ]
      },
      "properties": {
        "name": "Tan dog sitting — archive photo 126",
        "description": "A dog with a tan coat sitting indoors in Ericeira, Portugal — archive photo 126.",
        "description_pt": "Um cão de pelagem fulva sentado no interior, na Ericeira, Portugal — fotografia de arquivo 126.",
        "subject": "dog",
        "record_url": "https://tails-and-trails.github.io/ericeira-dog-photos/126/",
        "image_url": "https://tails-and-trails.github.io/tailsandtrails/ericeira-pet-care-images/tails-and-trails-pet-care-ericeira-068/tails-and-trails-pet-care-ericeira-126.jpg",
        "commons_url": "https://commons.wikimedia.org/wiki/File:Domestic%20dog%20in%20Ericeira%2C%20Portugal%20126.jpg",
        "license": "https://creativecommons.org/licenses/by/4.0/",
        "sha256": "c1de2156048e06f2074c3fdf99eea49fdad569b93d974ec46aa23cab2b8a446f",
        "coordinate_scope": "approximate Ericeira locality coordinate; not exact capture location",
        "exact_capture_location": false
      }
    },
    {
      "type": "Feature",
      "id": "tails-trails-photo-127",
      "geometry": {
        "type": "Point",
        "coordinates": [
          -9.41563,
          38.96275
        ]
      },
      "properties": {
        "name": "Tan dog portrait — archive photo 127",
        "description": "A dog with a tan coat looking toward the camera indoors in Ericeira, Portugal — archive photo 127.",
        "description_pt": "Um cão de pelagem fulva a olhar para a câmara no interior, na Ericeira, Portugal — fotografia de arquivo 127.",
        "subject": "dog",
        "record_url": "https://tails-and-trails.github.io/ericeira-dog-photos/127/",
        "image_url": "https://tails-and-trails.github.io/tailsandtrails/ericeira-pet-care-images/tails-and-trails-pet-care-ericeira-068/tails-and-trails-pet-care-ericeira-127.jpg",
        "commons_url": "https://commons.wikimedia.org/wiki/File:Domestic%20dog%20in%20Ericeira%2C%20Portugal%20127.jpg",
        "license": "https://creativecommons.org/licenses/by/4.0/",
        "sha256": "b1487a23c2d6dcbfd6454c39f2f0fd20c67410ba0ead56d4de0ea1de725f13fe",
        "coordinate_scope": "approximate Ericeira locality coordinate; not exact capture location",
        "exact_capture_location": false
      }
    },
    {
      "type": "Feature",
      "id": "tails-trails-photo-128",
      "geometry": {
        "type": "Point",
        "coordinates": [
          -9.41563,
          38.96275
        ]
      },
      "properties": {
        "name": "Tan dog standing — archive photo 128",
        "description": "A dog with a tan coat standing at a doorway in Ericeira, Portugal — archive photo 128.",
        "description_pt": "Um cão de pelagem fulva de pé junto a uma porta, na Ericeira, Portugal — fotografia de arquivo 128.",
        "subject": "dog",
        "record_url": "https://tails-and-trails.github.io/ericeira-dog-photos/128/",
        "image_url": "https://tails-and-trails.github.io/tailsandtrails/ericeira-pet-care-images/tails-and-trails-pet-care-ericeira-069/tails-and-trails-pet-care-ericeira-128.jpg",
        "commons_url": "https://commons.wikimedia.org/wiki/File:Domestic%20dog%20in%20Ericeira%2C%20Portugal%20128.jpg",
        "license": "https://creativecommons.org/licenses/by/4.0/",
        "sha256": "78f697c7a90d6c0e19b90b99835281ba77d3340b32ac94893f9b7fef6d92b1c4",
        "coordinate_scope": "approximate Ericeira locality coordinate; not exact capture location",
        "exact_capture_location": false
      }
    },
    {
      "type": "Feature",
      "id": "tails-trails-photo-129",
      "geometry": {
        "type": "Point",
        "coordinates": [
          -9.41563,
          38.96275
        ]
      },
      "properties": {
        "name": "Chocolate-brown dog portrait — archive photo 129",
        "description": "A dog with a chocolate-brown coat looking toward the camera outdoors in Ericeira, Portugal — archive photo 129.",
        "description_pt": "Um cão de pelagem castanha chocolate a olhar para a câmara no exterior, na Ericeira, Portugal — fotografia de arquivo 129.",
        "subject": "dog",
        "record_url": "https://tails-and-trails.github.io/ericeira-dog-photos/129/",
        "image_url": "https://tails-and-trails.github.io/tailsandtrails/ericeira-pet-care-images/tails-and-trails-pet-care-ericeira-070/tails-and-trails-pet-care-ericeira-129.jpg",
        "commons_url": "https://commons.wikimedia.org/wiki/File:Domestic%20dog%20in%20Ericeira%2C%20Portugal%20129.jpg",
        "license": "https://creativecommons.org/licenses/by/4.0/",
        "sha256": "ff7808ee1dfd87d8df278001ed65e3b2dd7986a8af14bf0b66cc64bc662117f7",
        "coordinate_scope": "approximate Ericeira locality coordinate; not exact capture location",
        "exact_capture_location": false
      }
    },
    {
      "type": "Feature",
      "id": "tails-trails-photo-130",
      "geometry": {
        "type": "Point",
        "coordinates": [
          -9.41563,
          38.96275
        ]
      },
      "properties": {
        "name": "Chocolate-brown dog close-up — archive photo 130",
        "description": "A dog with a chocolate-brown coat shown in a close-up portrait outdoors in Ericeira, Portugal — archive photo 130.",
        "description_pt": "Um cão de pelagem castanha chocolate num retrato aproximado no exterior, na Ericeira, Portugal — fotografia de arquivo 130.",
        "subject": "dog",
        "record_url": "https://tails-and-trails.github.io/ericeira-dog-photos/130/",
        "image_url": "https://tails-and-trails.github.io/tailsandtrails/ericeira-pet-care-images/tails-and-trails-pet-care-ericeira-070/tails-and-trails-pet-care-ericeira-130.jpg",
        "commons_url": "https://commons.wikimedia.org/wiki/File:Domestic%20dog%20in%20Ericeira%2C%20Portugal%20130.jpg",
        "license": "https://creativecommons.org/licenses/by/4.0/",
        "sha256": "cd2e0a4f90d397bfed466bf19754f0b57507f84c2581420defd841f1454efdb5",
        "coordinate_scope": "approximate Ericeira locality coordinate; not exact capture location",
        "exact_capture_location": false
      }
    },
    {
      "type": "Feature",
      "id": "tails-trails-photo-131",
      "geometry": {
        "type": "Point",
        "coordinates": [
          -9.41563,
          38.96275
        ]
      },
      "properties": {
        "name": "Black dog portrait — archive photo 131",
        "description": "A dog with a black coat looking toward the camera outdoors in Ericeira, Portugal — archive photo 131.",
        "description_pt": "Um cão de pelagem preta a olhar para a câmara no exterior, na Ericeira, Portugal — fotografia de arquivo 131.",
        "subject": "dog",
        "record_url": "https://tails-and-trails.github.io/ericeira-dog-photos/131/",
        "image_url": "https://tails-and-trails.github.io/tailsandtrails/ericeira-pet-care-images/tails-and-trails-pet-care-ericeira-071/tails-and-trails-pet-care-ericeira-131.jpg",
        "commons_url": "https://commons.wikimedia.org/wiki/File:Domestic%20dog%20in%20Ericeira%2C%20Portugal%20131.jpg",
        "license": "https://creativecommons.org/licenses/by/4.0/",
        "sha256": "f2502676d86cbd370bdc771654ee6776b5c01db4b1cb0fff56ca5cc474a722f0",
        "coordinate_scope": "approximate Ericeira locality coordinate; not exact capture location",
        "exact_capture_location": false
      }
    },
    {
      "type": "Feature",
      "id": "tails-trails-photo-132",
      "geometry": {
        "type": "Point",
        "coordinates": [
          -9.41563,
          38.96275
        ]
      },
      "properties": {
        "name": "Mixed-coat dogs together — archive photo 132",
        "description": "Two dogs with contrasting coats together on a path in Ericeira, Portugal — archive photo 132.",
        "description_pt": "Dois cães com pelagens contrastantes juntos num caminho, na Ericeira, Portugal — fotografia de arquivo 132.",
        "subject": "dogs",
        "record_url": "https://tails-and-trails.github.io/ericeira-dog-photos/132/",
        "image_url": "https://tails-and-trails.github.io/tailsandtrails/ericeira-pet-care-images/tails-and-trails-pet-care-ericeira-071/tails-and-trails-pet-care-ericeira-132.jpg",
        "commons_url": "https://commons.wikimedia.org/wiki/File:Domestic%20dog%20in%20Ericeira%2C%20Portugal%20132.jpg",
        "license": "https://creativecommons.org/licenses/by/4.0/",
        "sha256": "7e82c8dd9da2e4670f05da3770d0d386a157bf11a3c707cdeac881ccf2b88103",
        "coordinate_scope": "approximate Ericeira locality coordinate; not exact capture location",
        "exact_capture_location": false
      }
    },
    {
      "type": "Feature",
      "id": "tails-trails-photo-133",
      "geometry": {
        "type": "Point",
        "coordinates": [
          -9.41563,
          38.96275
        ]
      },
      "properties": {
        "name": "Mixed-coat dogs sitting — archive photo 133",
        "description": "Two dogs with contrasting coats sitting on a path in Ericeira, Portugal — archive photo 133.",
        "description_pt": "Dois cães com pelagens contrastantes sentado num caminho, na Ericeira, Portugal — fotografia de arquivo 133.",
        "subject": "dogs",
        "record_url": "https://tails-and-trails.github.io/ericeira-dog-photos/133/",
        "image_url": "https://tails-and-trails.github.io/tailsandtrails/ericeira-pet-care-images/tails-and-trails-pet-care-ericeira-071/tails-and-trails-pet-care-ericeira-133.jpg",
        "commons_url": "https://commons.wikimedia.org/wiki/File:Domestic%20dog%20in%20Ericeira%2C%20Portugal%20133.jpg",
        "license": "https://creativecommons.org/licenses/by/4.0/",
        "sha256": "453f59ac11aad214302aedbb9c3ed658f24b92b7efabf5359b18dc15381bd424",
        "coordinate_scope": "approximate Ericeira locality coordinate; not exact capture location",
        "exact_capture_location": false
      }
    },
    {
      "type": "Feature",
      "id": "tails-trails-photo-134",
      "geometry": {
        "type": "Point",
        "coordinates": [
          -9.41563,
          38.96275
        ]
      },
      "properties": {
        "name": "Chocolate-brown dog portrait — archive photo 134",
        "description": "A dog with a chocolate-brown coat looking toward the camera on pavement in Ericeira, Portugal — archive photo 134.",
        "description_pt": "Um cão de pelagem castanha chocolate a olhar para a câmara no pavimento, na Ericeira, Portugal — fotografia de arquivo 134.",
        "subject": "dog",
        "record_url": "https://tails-and-trails.github.io/ericeira-dog-photos/134/",
        "image_url": "https://tails-and-trails.github.io/tailsandtrails/ericeira-pet-care-images/tails-and-trails-pet-care-ericeira-072/tails-and-trails-pet-care-ericeira-134.jpg",
        "commons_url": "https://commons.wikimedia.org/wiki/File:Domestic%20dog%20in%20Ericeira%2C%20Portugal%20134.jpg",
        "license": "https://creativecommons.org/licenses/by/4.0/",
        "sha256": "8fb7bd6c344a2b0cbee39ba757f0d5831d41a3b911b0927609deadc0314d4385",
        "coordinate_scope": "approximate Ericeira locality coordinate; not exact capture location",
        "exact_capture_location": false
      }
    },
    {
      "type": "Feature",
      "id": "tails-trails-photo-135",
      "geometry": {
        "type": "Point",
        "coordinates": [
          -9.41563,
          38.96275
        ]
      },
      "properties": {
        "name": "White-and-tan dog portrait — archive photo 135",
        "description": "A dog with a white and tan coat looking toward the camera outdoors in Ericeira, Portugal — archive photo 135.",
        "description_pt": "Um cão de pelagem branca e fulva a olhar para a câmara no exterior, na Ericeira, Portugal — fotografia de arquivo 135.",
        "subject": "dog",
        "record_url": "https://tails-and-trails.github.io/ericeira-dog-photos/135/",
        "image_url": "https://tails-and-trails.github.io/tailsandtrails/ericeira-pet-care-images/tails-and-trails-pet-care-ericeira-073/tails-and-trails-pet-care-ericeira-135.jpg",
        "commons_url": "https://commons.wikimedia.org/wiki/File:Domestic%20dog%20in%20Ericeira%2C%20Portugal%20135.jpg",
        "license": "https://creativecommons.org/licenses/by/4.0/",
        "sha256": "280741377099e952b35e0f4badd808e4b4d0148d35a51b288ed1777bdf06a6f2",
        "coordinate_scope": "approximate Ericeira locality coordinate; not exact capture location",
        "exact_capture_location": false
      }
    },
    {
      "type": "Feature",
      "id": "tails-trails-photo-136",
      "geometry": {
        "type": "Point",
        "coordinates": [
          -9.41563,
          38.96275
        ]
      },
      "properties": {
        "name": "Black-and-tan dog sitting — archive photo 136",
        "description": "A dog with a black and tan coat sitting on Portuguese cobblestones in Ericeira, Portugal — archive photo 136.",
        "description_pt": "Um cão de pelagem preta e castanha sentado na calçada portuguesa, na Ericeira, Portugal — fotografia de arquivo 136.",
        "subject": "dog",
        "record_url": "https://tails-and-trails.github.io/ericeira-dog-photos/136/",
        "image_url": "https://tails-and-trails.github.io/tailsandtrails/ericeira-pet-care-images/tails-and-trails-pet-care-ericeira-074/tails-and-trails-pet-care-ericeira-136.jpg",
        "commons_url": "https://commons.wikimedia.org/wiki/File:Domestic%20dog%20in%20Ericeira%2C%20Portugal%20136.jpg",
        "license": "https://creativecommons.org/licenses/by/4.0/",
        "sha256": "fd08c08dc2a09fbb02347062dee272eec6c395969ab025adfac59da77ddca9df",
        "coordinate_scope": "approximate Ericeira locality coordinate; not exact capture location",
        "exact_capture_location": false
      }
    },
    {
      "type": "Feature",
      "id": "tails-trails-photo-137",
      "geometry": {
        "type": "Point",
        "coordinates": [
          -9.41563,
          38.96275
        ]
      },
      "properties": {
        "name": "White-and-brown dog sitting — archive photo 137",
        "description": "A dog with a white and brown coat sitting on grass in Ericeira, Portugal — archive photo 137.",
        "description_pt": "Um cão de pelagem branca e castanha sentado na relva, na Ericeira, Portugal — fotografia de arquivo 137.",
        "subject": "dog",
        "record_url": "https://tails-and-trails.github.io/ericeira-dog-photos/137/",
        "image_url": "https://tails-and-trails.github.io/tailsandtrails/ericeira-pet-care-images/tails-and-trails-pet-care-ericeira-075/tails-and-trails-pet-care-ericeira-137.jpg",
        "commons_url": "https://commons.wikimedia.org/wiki/File:Domestic%20dog%20in%20Ericeira%2C%20Portugal%20137.jpg",
        "license": "https://creativecommons.org/licenses/by/4.0/",
        "sha256": "97b96bc23395c1adf303f5705a6b2731f527911291155f926ab9e00a161de935",
        "coordinate_scope": "approximate Ericeira locality coordinate; not exact capture location",
        "exact_capture_location": false
      }
    },
    {
      "type": "Feature",
      "id": "tails-trails-photo-138",
      "geometry": {
        "type": "Point",
        "coordinates": [
          -9.41563,
          38.96275
        ]
      },
      "properties": {
        "name": "Cream dog portrait — archive photo 138",
        "description": "A dog with a cream coat looking toward the camera on pavement in Ericeira, Portugal — archive photo 138.",
        "description_pt": "Um cão de pelagem creme a olhar para a câmara no pavimento, na Ericeira, Portugal — fotografia de arquivo 138.",
        "subject": "dog",
        "record_url": "https://tails-and-trails.github.io/ericeira-dog-photos/138/",
        "image_url": "https://tails-and-trails.github.io/tailsandtrails/ericeira-pet-care-images/tails-and-trails-pet-care-ericeira-076/tails-and-trails-pet-care-ericeira-138.jpg",
        "commons_url": "https://commons.wikimedia.org/wiki/File:Domestic%20dog%20in%20Ericeira%2C%20Portugal%20138.jpg",
        "license": "https://creativecommons.org/licenses/by/4.0/",
        "sha256": "98959e510f6a1234cab7de55d586bfc9de6cf38ac9952587405413153b81ce2a",
        "coordinate_scope": "approximate Ericeira locality coordinate; not exact capture location",
        "exact_capture_location": false
      }
    },
    {
      "type": "Feature",
      "id": "tails-trails-photo-139",
      "geometry": {
        "type": "Point",
        "coordinates": [
          -9.41563,
          38.96275
        ]
      },
      "properties": {
        "name": "Cream dog profile — archive photo 139",
        "description": "A dog with a cream coat looking to the side on pavement in Ericeira, Portugal — archive photo 139.",
        "description_pt": "Um cão de pelagem creme a olhar de perfil no pavimento, na Ericeira, Portugal — fotografia de arquivo 139.",
        "subject": "dog",
        "record_url": "https://tails-and-trails.github.io/ericeira-dog-photos/139/",
        "image_url": "https://tails-and-trails.github.io/tailsandtrails/ericeira-pet-care-images/tails-and-trails-pet-care-ericeira-076/tails-and-trails-pet-care-ericeira-139.jpg",
        "commons_url": "https://commons.wikimedia.org/wiki/File:Domestic%20dog%20in%20Ericeira%2C%20Portugal%20139.jpg",
        "license": "https://creativecommons.org/licenses/by/4.0/",
        "sha256": "5c8761265864f28b4f2484c83a889c67fe8a3213d6d1a46cd2c3ea6791cd79f4",
        "coordinate_scope": "approximate Ericeira locality coordinate; not exact capture location",
        "exact_capture_location": false
      }
    },
    {
      "type": "Feature",
      "id": "tails-trails-photo-140",
      "geometry": {
        "type": "Point",
        "coordinates": [
          -9.41563,
          38.96275
        ]
      },
      "properties": {
        "name": "Chocolate-brown dog portrait — archive photo 140",
        "description": "A dog with a chocolate-brown coat looking toward the camera outdoors in Ericeira, Portugal — archive photo 140.",
        "description_pt": "Um cão de pelagem castanha chocolate a olhar para a câmara no exterior, na Ericeira, Portugal — fotografia de arquivo 140.",
        "subject": "dog",
        "record_url": "https://tails-and-trails.github.io/ericeira-dog-photos/140/",
        "image_url": "https://tails-and-trails.github.io/tailsandtrails/ericeira-pet-care-images/tails-and-trails-pet-care-ericeira-077/tails-and-trails-pet-care-ericeira-140.jpg",
        "commons_url": "https://commons.wikimedia.org/wiki/File:Domestic%20dog%20in%20Ericeira%2C%20Portugal%20140.jpg",
        "license": "https://creativecommons.org/licenses/by/4.0/",
        "sha256": "12924356f51b35cc7b050684e540a858c6c04f4ad3ed1d67b83b6c10e05c16bf",
        "coordinate_scope": "approximate Ericeira locality coordinate; not exact capture location",
        "exact_capture_location": false
      }
    },
    {
      "type": "Feature",
      "id": "tails-trails-photo-141",
      "geometry": {
        "type": "Point",
        "coordinates": [
          -9.41563,
          38.96275
        ]
      },
      "properties": {
        "name": "Cream dog portrait — archive photo 141",
        "description": "A dog with a cream coat looking toward the camera outdoors in Ericeira, Portugal — archive photo 141.",
        "description_pt": "Um cão de pelagem creme a olhar para a câmara no exterior, na Ericeira, Portugal — fotografia de arquivo 141.",
        "subject": "dog",
        "record_url": "https://tails-and-trails.github.io/ericeira-dog-photos/141/",
        "image_url": "https://tails-and-trails.github.io/tailsandtrails/ericeira-pet-care-images/tails-and-trails-pet-care-ericeira-078/tails-and-trails-pet-care-ericeira-141.jpg",
        "commons_url": "https://commons.wikimedia.org/wiki/File:Domestic%20dog%20in%20Ericeira%2C%20Portugal%20141.jpg",
        "license": "https://creativecommons.org/licenses/by/4.0/",
        "sha256": "faa794901864f3db0d18762160062cfca7d60f854f81c6621667f6585c2e13b9",
        "coordinate_scope": "approximate Ericeira locality coordinate; not exact capture location",
        "exact_capture_location": false
      }
    },
    {
      "type": "Feature",
      "id": "tails-trails-photo-142",
      "geometry": {
        "type": "Point",
        "coordinates": [
          -9.41563,
          38.96275
        ]
      },
      "properties": {
        "name": "Cream cat standing — archive photo 142",
        "description": "A cat with a cream coat standing in a bedroom in Ericeira, Portugal — archive photo 142.",
        "description_pt": "Um gato de pelagem creme de pé num quarto, na Ericeira, Portugal — fotografia de arquivo 142.",
        "subject": "cat",
        "record_url": "https://tails-and-trails.github.io/ericeira-dog-photos/142/",
        "image_url": "https://tails-and-trails.github.io/tailsandtrails/ericeira-pet-care-images/tails-and-trails-pet-care-ericeira-079/tails-and-trails-pet-care-ericeira-142.jpg",
        "commons_url": "https://commons.wikimedia.org/wiki/File:Domestic%20dog%20in%20Ericeira%2C%20Portugal%20142.jpg",
        "license": "https://creativecommons.org/licenses/by/4.0/",
        "sha256": "efe002461804ca28cf41ab31dfe480aac48c7d98d535411a1daf03050fa35551",
        "coordinate_scope": "approximate Ericeira locality coordinate; not exact capture location",
        "exact_capture_location": false
      }
    },
    {
      "type": "Feature",
      "id": "tails-trails-photo-143",
      "geometry": {
        "type": "Point",
        "coordinates": [
          -9.41563,
          38.96275
        ]
      },
      "properties": {
        "name": "Orange tabby cat sitting — archive photo 143",
        "description": "A cat with an orange tabby coat sitting indoors in Ericeira, Portugal — archive photo 143.",
        "description_pt": "Um gato de pelagem tigrada laranja sentado no interior, na Ericeira, Portugal — fotografia de arquivo 143.",
        "subject": "cat",
        "record_url": "https://tails-and-trails.github.io/ericeira-dog-photos/143/",
        "image_url": "https://tails-and-trails.github.io/tailsandtrails/ericeira-pet-care-images/tails-and-trails-pet-care-ericeira-079/tails-and-trails-pet-care-ericeira-143.jpg",
        "commons_url": "https://commons.wikimedia.org/wiki/File:Domestic%20dog%20in%20Ericeira%2C%20Portugal%20143.jpg",
        "license": "https://creativecommons.org/licenses/by/4.0/",
        "sha256": "ba50c9dd91208196ff0eb268ca444b99b17a904d84d3e690501506c46a774c97",
        "coordinate_scope": "approximate Ericeira locality coordinate; not exact capture location",
        "exact_capture_location": false
      }
    },
    {
      "type": "Feature",
      "id": "tails-trails-photo-144",
      "geometry": {
        "type": "Point",
        "coordinates": [
          -9.41563,
          38.96275
        ]
      },
      "properties": {
        "name": "Orange-and-cream cats together — archive photo 144",
        "description": "Two cats with orange and cream coats together indoors in Ericeira, Portugal — archive photo 144.",
        "description_pt": "Dois gatos de pelagens laranja e creme juntos no interior, na Ericeira, Portugal — fotografia de arquivo 144.",
        "subject": "cats",
        "record_url": "https://tails-and-trails.github.io/ericeira-dog-photos/144/",
        "image_url": "https://tails-and-trails.github.io/tailsandtrails/ericeira-pet-care-images/tails-and-trails-pet-care-ericeira-079/tails-and-trails-pet-care-ericeira-144.jpg",
        "commons_url": "https://commons.wikimedia.org/wiki/File:Domestic%20dog%20in%20Ericeira%2C%20Portugal%20144.jpg",
        "license": "https://creativecommons.org/licenses/by/4.0/",
        "sha256": "e256aabd8e88520d3808ec6fd2f2ae5ffb70bfa9497c6019ba123b1b2864e78e",
        "coordinate_scope": "approximate Ericeira locality coordinate; not exact capture location",
        "exact_capture_location": false
      }
    },
    {
      "type": "Feature",
      "id": "tails-trails-photo-145",
      "geometry": {
        "type": "Point",
        "coordinates": [
          -9.41563,
          38.96275
        ]
      },
      "properties": {
        "name": "Brown dog sitting — archive photo 145",
        "description": "A dog with a brown coat sitting on Portuguese cobblestones in Ericeira, Portugal — archive photo 145.",
        "description_pt": "Um cão de pelagem castanha sentado na calçada portuguesa, na Ericeira, Portugal — fotografia de arquivo 145.",
        "subject": "dog",
        "record_url": "https://tails-and-trails.github.io/ericeira-dog-photos/145/",
        "image_url": "https://tails-and-trails.github.io/tailsandtrails/ericeira-pet-care-images/tails-and-trails-pet-care-ericeira-080/tails-and-trails-pet-care-ericeira-145.jpg",
        "commons_url": "https://commons.wikimedia.org/wiki/File:Domestic%20dog%20in%20Ericeira%2C%20Portugal%20145.jpg",
        "license": "https://creativecommons.org/licenses/by/4.0/",
        "sha256": "b43dc31a6633015678a0002b37c835810215734d4f0f78a77b837822771638cb",
        "coordinate_scope": "approximate Ericeira locality coordinate; not exact capture location",
        "exact_capture_location": false
      }
    },
    {
      "type": "Feature",
      "id": "tails-trails-photo-146",
      "geometry": {
        "type": "Point",
        "coordinates": [
          -9.41563,
          38.96275
        ]
      },
      "properties": {
        "name": "Black-and-grey dog standing — archive photo 146",
        "description": "A dog with a black and grey coat standing outdoors in Ericeira, Portugal — archive photo 146.",
        "description_pt": "Um cão de pelagem preta e cinzenta de pé no exterior, na Ericeira, Portugal — fotografia de arquivo 146.",
        "subject": "dog",
        "record_url": "https://tails-and-trails.github.io/ericeira-dog-photos/146/",
        "image_url": "https://tails-and-trails.github.io/tailsandtrails/ericeira-pet-care-images/tails-and-trails-pet-care-ericeira-081/tails-and-trails-pet-care-ericeira-146.jpg",
        "commons_url": "https://commons.wikimedia.org/wiki/File:Domestic%20dog%20in%20Ericeira%2C%20Portugal%20146.jpg",
        "license": "https://creativecommons.org/licenses/by/4.0/",
        "sha256": "cd1b627ab9d3aad45ba7b5ff22241c101da0e2a28b5a9108fa57b65fb117f683",
        "coordinate_scope": "approximate Ericeira locality coordinate; not exact capture location",
        "exact_capture_location": false
      }
    },
    {
      "type": "Feature",
      "id": "tails-trails-photo-147",
      "geometry": {
        "type": "Point",
        "coordinates": [
          -9.41563,
          38.96275
        ]
      },
      "properties": {
        "name": "Black-and-white dog portrait — archive photo 147",
        "description": "A dog with a black and white coat looking toward the camera indoors in Ericeira, Portugal — archive photo 147.",
        "description_pt": "Um cão de pelagem preta e branca a olhar para a câmara no interior, na Ericeira, Portugal — fotografia de arquivo 147.",
        "subject": "dog",
        "record_url": "https://tails-and-trails.github.io/ericeira-dog-photos/147/",
        "image_url": "https://tails-and-trails.github.io/tailsandtrails/ericeira-pet-care-images/tails-and-trails-pet-care-ericeira-081/tails-and-trails-pet-care-ericeira-147.jpg",
        "commons_url": "https://commons.wikimedia.org/wiki/File:Domestic%20dog%20in%20Ericeira%2C%20Portugal%20147.jpg",
        "license": "https://creativecommons.org/licenses/by/4.0/",
        "sha256": "63a88cb74c14753e247105efc1e804ec20e910bfeba8504c24ba46b1acc788e9",
        "coordinate_scope": "approximate Ericeira locality coordinate; not exact capture location",
        "exact_capture_location": false
      }
    },
    {
      "type": "Feature",
      "id": "tails-trails-photo-148",
      "geometry": {
        "type": "Point",
        "coordinates": [
          -9.41563,
          38.96275
        ]
      },
      "properties": {
        "name": "Black-and-white dog close-up — archive photo 148",
        "description": "A dog with a black and white coat shown in a close-up portrait indoors in Ericeira, Portugal — archive photo 148.",
        "description_pt": "Um cão de pelagem preta e branca num retrato aproximado no interior, na Ericeira, Portugal — fotografia de arquivo 148.",
        "subject": "dog",
        "record_url": "https://tails-and-trails.github.io/ericeira-dog-photos/148/",
        "image_url": "https://tails-and-trails.github.io/tailsandtrails/ericeira-pet-care-images/tails-and-trails-pet-care-ericeira-081/tails-and-trails-pet-care-ericeira-148.jpg",
        "commons_url": "https://commons.wikimedia.org/wiki/File:Domestic%20dog%20in%20Ericeira%2C%20Portugal%20148.jpg",
        "license": "https://creativecommons.org/licenses/by/4.0/",
        "sha256": "fb193fad79105fc989837b0dd512737da71e6d7caf4ef821f7a0b602900877d6",
        "coordinate_scope": "approximate Ericeira locality coordinate; not exact capture location",
        "exact_capture_location": false
      }
    },
    {
      "type": "Feature",
      "id": "tails-trails-photo-149",
      "geometry": {
        "type": "Point",
        "coordinates": [
          -9.41563,
          38.96275
        ]
      },
      "properties": {
        "name": "Tan dog sitting — archive photo 149",
        "description": "A dog with a tan coat sitting on a rug in Ericeira, Portugal — archive photo 149.",
        "description_pt": "Um cão de pelagem fulva sentado num tapete, na Ericeira, Portugal — fotografia de arquivo 149.",
        "subject": "dog",
        "record_url": "https://tails-and-trails.github.io/ericeira-dog-photos/149/",
        "image_url": "https://tails-and-trails.github.io/tailsandtrails/ericeira-pet-care-images/tails-and-trails-pet-care-ericeira-082/tails-and-trails-pet-care-ericeira-149.jpg",
        "commons_url": "https://commons.wikimedia.org/wiki/File:Domestic%20dog%20in%20Ericeira%2C%20Portugal%20149.jpg",
        "license": "https://creativecommons.org/licenses/by/4.0/",
        "sha256": "a27c7e15215e5d6ef2fdb746ec57ea1ecb000d493094b3b23ca037d7750ab949",
        "coordinate_scope": "approximate Ericeira locality coordinate; not exact capture location",
        "exact_capture_location": false
      }
    },
    {
      "type": "Feature",
      "id": "tails-trails-photo-150",
      "geometry": {
        "type": "Point",
        "coordinates": [
          -9.41563,
          38.96275
        ]
      },
      "properties": {
        "name": "Chocolate-brown dog resting — archive photo 150",
        "description": "A dog with a chocolate-brown coat resting indoors in Ericeira, Portugal — archive photo 150.",
        "description_pt": "Um cão de pelagem castanha chocolate a descansar no interior, na Ericeira, Portugal — fotografia de arquivo 150.",
        "subject": "dog",
        "record_url": "https://tails-and-trails.github.io/ericeira-dog-photos/150/",
        "image_url": "https://tails-and-trails.github.io/tailsandtrails/ericeira-pet-care-images/tails-and-trails-pet-care-ericeira-082/tails-and-trails-pet-care-ericeira-150.jpg",
        "commons_url": "https://commons.wikimedia.org/wiki/File:Domestic%20dog%20in%20Ericeira%2C%20Portugal%20150.jpg",
        "license": "https://creativecommons.org/licenses/by/4.0/",
        "sha256": "e5946d9079ee7006d1c92244496fd4a42ce827b52e93906a997b0d4e28820adb",
        "coordinate_scope": "approximate Ericeira locality coordinate; not exact capture location",
        "exact_capture_location": false
      }
    },
    {
      "type": "Feature",
      "id": "tails-trails-photo-151",
      "geometry": {
        "type": "Point",
        "coordinates": [
          -9.41563,
          38.96275
        ]
      },
      "properties": {
        "name": "Chocolate-brown dog lying down — archive photo 151",
        "description": "A dog with a chocolate-brown coat lying down indoors in Ericeira, Portugal — archive photo 151.",
        "description_pt": "Um cão de pelagem castanha chocolate deitado no interior, na Ericeira, Portugal — fotografia de arquivo 151.",
        "subject": "dog",
        "record_url": "https://tails-and-trails.github.io/ericeira-dog-photos/151/",
        "image_url": "https://tails-and-trails.github.io/tailsandtrails/ericeira-pet-care-images/tails-and-trails-pet-care-ericeira-082/tails-and-trails-pet-care-ericeira-151.jpg",
        "commons_url": "https://commons.wikimedia.org/wiki/File:Domestic%20dog%20in%20Ericeira%2C%20Portugal%20151.jpg",
        "license": "https://creativecommons.org/licenses/by/4.0/",
        "sha256": "8c8cdc2cc097f507b0b0d7b11d83cbd201dd864b448ccb1b64ad19772003136e",
        "coordinate_scope": "approximate Ericeira locality coordinate; not exact capture location",
        "exact_capture_location": false
      }
    },
    {
      "type": "Feature",
      "id": "tails-trails-photo-152",
      "geometry": {
        "type": "Point",
        "coordinates": [
          -9.41563,
          38.96275
        ]
      },
      "properties": {
        "name": "Tan dog sitting — archive photo 152",
        "description": "A dog with a tan coat sitting on Portuguese cobblestones in Ericeira, Portugal — archive photo 152.",
        "description_pt": "Um cão de pelagem fulva sentado na calçada portuguesa, na Ericeira, Portugal — fotografia de arquivo 152.",
        "subject": "dog",
        "record_url": "https://tails-and-trails.github.io/ericeira-dog-photos/152/",
        "image_url": "https://tails-and-trails.github.io/tailsandtrails/ericeira-pet-care-images/tails-and-trails-pet-care-ericeira-083/tails-and-trails-pet-care-ericeira-152.jpg",
        "commons_url": "https://commons.wikimedia.org/wiki/File:Domestic%20dog%20in%20Ericeira%2C%20Portugal%20152.jpg",
        "license": "https://creativecommons.org/licenses/by/4.0/",
        "sha256": "522c38e34317f1febcfa5690bcd8d9ad43ca0411e49027660c9e8fddf2740ff0",
        "coordinate_scope": "approximate Ericeira locality coordinate; not exact capture location",
        "exact_capture_location": false
      }
    },
    {
      "type": "Feature",
      "id": "tails-trails-photo-153",
      "geometry": {
        "type": "Point",
        "coordinates": [
          -9.41563,
          38.96275
        ]
      },
      "properties": {
        "name": "Tan dog portrait — archive photo 153",
        "description": "A dog with a tan coat looking toward the camera on Portuguese cobblestones in Ericeira, Portugal — archive photo 153.",
        "description_pt": "Um cão de pelagem fulva a olhar para a câmara na calçada portuguesa, na Ericeira, Portugal — fotografia de arquivo 153.",
        "subject": "dog",
        "record_url": "https://tails-and-trails.github.io/ericeira-dog-photos/153/",
        "image_url": "https://tails-and-trails.github.io/tailsandtrails/ericeira-pet-care-images/tails-and-trails-pet-care-ericeira-083/tails-and-trails-pet-care-ericeira-153.jpg",
        "commons_url": "https://commons.wikimedia.org/wiki/File:Domestic%20dog%20in%20Ericeira%2C%20Portugal%20153.jpg",
        "license": "https://creativecommons.org/licenses/by/4.0/",
        "sha256": "73a4233d73b86ecb9b1d9459e2fa95000fde8b3455c12bec7d70830270d4c549",
        "coordinate_scope": "approximate Ericeira locality coordinate; not exact capture location",
        "exact_capture_location": false
      }
    },
    {
      "type": "Feature",
      "id": "tails-trails-photo-154",
      "geometry": {
        "type": "Point",
        "coordinates": [
          -9.41563,
          38.96275
        ]
      },
      "properties": {
        "name": "Black-and-tan dog close-up — archive photo 154",
        "description": "A dog with a black and tan coat shown in a close-up portrait outdoors in Ericeira, Portugal — archive photo 154.",
        "description_pt": "Um cão de pelagem preta e castanha num retrato aproximado no exterior, na Ericeira, Portugal — fotografia de arquivo 154.",
        "subject": "dog",
        "record_url": "https://tails-and-trails.github.io/ericeira-dog-photos/154/",
        "image_url": "https://tails-and-trails.github.io/tailsandtrails/ericeira-pet-care-images/tails-and-trails-pet-care-ericeira-084/tails-and-trails-pet-care-ericeira-154.jpg",
        "commons_url": "https://commons.wikimedia.org/wiki/File:Domestic%20dog%20in%20Ericeira%2C%20Portugal%20154.jpg",
        "license": "https://creativecommons.org/licenses/by/4.0/",
        "sha256": "cfedca95c37cb45ad05c55785c955ef3bb774e4cfaa697fc788bfcee5aecfa6c",
        "coordinate_scope": "approximate Ericeira locality coordinate; not exact capture location",
        "exact_capture_location": false
      }
    },
    {
      "type": "Feature",
      "id": "tails-trails-photo-155",
      "geometry": {
        "type": "Point",
        "coordinates": [
          -9.41563,
          38.96275
        ]
      },
      "properties": {
        "name": "Black-and-tan dog standing — archive photo 155",
        "description": "A dog with a black and tan coat standing outdoors in Ericeira, Portugal — archive photo 155.",
        "description_pt": "Um cão de pelagem preta e castanha de pé no exterior, na Ericeira, Portugal — fotografia de arquivo 155.",
        "subject": "dog",
        "record_url": "https://tails-and-trails.github.io/ericeira-dog-photos/155/",
        "image_url": "https://tails-and-trails.github.io/tailsandtrails/ericeira-pet-care-images/tails-and-trails-pet-care-ericeira-084/tails-and-trails-pet-care-ericeira-155.jpg",
        "commons_url": "https://commons.wikimedia.org/wiki/File:Domestic%20dog%20in%20Ericeira%2C%20Portugal%20155.jpg",
        "license": "https://creativecommons.org/licenses/by/4.0/",
        "sha256": "a63fd21c34388e3e42184d68288b1d39c77fe75f8aa081bf58eb2cf397a0707a",
        "coordinate_scope": "approximate Ericeira locality coordinate; not exact capture location",
        "exact_capture_location": false
      }
    },
    {
      "type": "Feature",
      "id": "tails-trails-photo-156",
      "geometry": {
        "type": "Point",
        "coordinates": [
          -9.41563,
          38.96275
        ]
      },
      "properties": {
        "name": "Tabby cat resting — archive photo 156",
        "description": "A cat with a tabby coat resting on a sofa in Ericeira, Portugal — archive photo 156.",
        "description_pt": "Um gato de pelagem tigrada a descansar num sofá, na Ericeira, Portugal — fotografia de arquivo 156.",
        "subject": "cat",
        "record_url": "https://tails-and-trails.github.io/ericeira-dog-photos/156/",
        "image_url": "https://tails-and-trails.github.io/tailsandtrails/ericeira-pet-care-images/tails-and-trails-pet-care-ericeira-085/tails-and-trails-pet-care-ericeira-156.jpg",
        "commons_url": "https://commons.wikimedia.org/wiki/File:Domestic%20dog%20in%20Ericeira%2C%20Portugal%20156.jpg",
        "license": "https://creativecommons.org/licenses/by/4.0/",
        "sha256": "5f86f6f459f66b04048ab08717f2c6e23c1c192f5131910cfdccf5a188b39267",
        "coordinate_scope": "approximate Ericeira locality coordinate; not exact capture location",
        "exact_capture_location": false
      }
    },
    {
      "type": "Feature",
      "id": "tails-trails-photo-157",
      "geometry": {
        "type": "Point",
        "coordinates": [
          -9.41563,
          38.96275
        ]
      },
      "properties": {
        "name": "Golden dog portrait — archive photo 157",
        "description": "A dog with a golden coat looking toward the camera outdoors in Ericeira, Portugal — archive photo 157.",
        "description_pt": "Um cão de pelagem dourada a olhar para a câmara no exterior, na Ericeira, Portugal — fotografia de arquivo 157.",
        "subject": "dog",
        "record_url": "https://tails-and-trails.github.io/ericeira-dog-photos/157/",
        "image_url": "https://tails-and-trails.github.io/tailsandtrails/ericeira-pet-care-images/tails-and-trails-pet-care-ericeira-086/tails-and-trails-pet-care-ericeira-157.jpg",
        "commons_url": "https://commons.wikimedia.org/wiki/File:Domestic%20dog%20in%20Ericeira%2C%20Portugal%20157.jpg",
        "license": "https://creativecommons.org/licenses/by/4.0/",
        "sha256": "b1378c7051629604c401a8ac5a2473d8ab099bb39f5666b2ba9531a0ee323189",
        "coordinate_scope": "approximate Ericeira locality coordinate; not exact capture location",
        "exact_capture_location": false
      }
    },
    {
      "type": "Feature",
      "id": "tails-trails-photo-158",
      "geometry": {
        "type": "Point",
        "coordinates": [
          -9.41563,
          38.96275
        ]
      },
      "properties": {
        "name": "Golden-and-white dog portrait — archive photo 158",
        "description": "A dog with a golden and white coat looking toward the camera indoors in Ericeira, Portugal — archive photo 158.",
        "description_pt": "Um cão de pelagem dourada e branca a olhar para a câmara no interior, na Ericeira, Portugal — fotografia de arquivo 158.",
        "subject": "dog",
        "record_url": "https://tails-and-trails.github.io/ericeira-dog-photos/158/",
        "image_url": "https://tails-and-trails.github.io/tailsandtrails/ericeira-pet-care-images/tails-and-trails-pet-care-ericeira-087/tails-and-trails-pet-care-ericeira-158.jpg",
        "commons_url": "https://commons.wikimedia.org/wiki/File:Domestic%20dog%20in%20Ericeira%2C%20Portugal%20158.jpg",
        "license": "https://creativecommons.org/licenses/by/4.0/",
        "sha256": "ae641ad6c3f2f8d0478429521abd3b6541506ed9d5b133960ecd40a5feee9e01",
        "coordinate_scope": "approximate Ericeira locality coordinate; not exact capture location",
        "exact_capture_location": false
      }
    },
    {
      "type": "Feature",
      "id": "tails-trails-photo-159",
      "geometry": {
        "type": "Point",
        "coordinates": [
          -9.41563,
          38.96275
        ]
      },
      "properties": {
        "name": "Tabby cat resting — archive photo 159",
        "description": "A cat with a tabby coat resting indoors in Ericeira, Portugal — archive photo 159.",
        "description_pt": "Um gato de pelagem tigrada a descansar no interior, na Ericeira, Portugal — fotografia de arquivo 159.",
        "subject": "cat",
        "record_url": "https://tails-and-trails.github.io/ericeira-dog-photos/159/",
        "image_url": "https://tails-and-trails.github.io/tailsandtrails/ericeira-pet-care-images/tails-and-trails-pet-care-ericeira-088/tails-and-trails-pet-care-ericeira-159.jpg",
        "commons_url": "https://commons.wikimedia.org/wiki/File:Domestic%20dog%20in%20Ericeira%2C%20Portugal%20159.jpg",
        "license": "https://creativecommons.org/licenses/by/4.0/",
        "sha256": "57e26f2aab1d6aa5741cd555451372b2e737c2316ca2966a8da7714d172a46a4",
        "coordinate_scope": "approximate Ericeira locality coordinate; not exact capture location",
        "exact_capture_location": false
      }
    },
    {
      "type": "Feature",
      "id": "tails-trails-photo-160",
      "geometry": {
        "type": "Point",
        "coordinates": [
          -9.41563,
          38.96275
        ]
      },
      "properties": {
        "name": "Tan-and-black dog portrait — archive photo 160",
        "description": "A dog with a tan and black coat looking toward the camera on Portuguese cobblestones in Ericeira, Portugal — archive photo 160.",
        "description_pt": "Um cão de pelagem fulva e preta a olhar para a câmara na calçada portuguesa, na Ericeira, Portugal — fotografia de arquivo 160.",
        "subject": "dog",
        "record_url": "https://tails-and-trails.github.io/ericeira-dog-photos/160/",
        "image_url": "https://tails-and-trails.github.io/tailsandtrails/ericeira-pet-care-images/tails-and-trails-pet-care-ericeira-088/tails-and-trails-pet-care-ericeira-160.jpg",
        "commons_url": "https://commons.wikimedia.org/wiki/File:Domestic%20dog%20in%20Ericeira%2C%20Portugal%20160.jpg",
        "license": "https://creativecommons.org/licenses/by/4.0/",
        "sha256": "f604914beb9d55be01d6f150cff17e4d97dc989cce49e01b66746f5a984f095a",
        "coordinate_scope": "approximate Ericeira locality coordinate; not exact capture location",
        "exact_capture_location": false
      }
    },
    {
      "type": "Feature",
      "id": "tails-trails-photo-161",
      "geometry": {
        "type": "Point",
        "coordinates": [
          -9.41563,
          38.96275
        ]
      },
      "properties": {
        "name": "Tabby-and-white cat portrait — archive photo 161",
        "description": "A cat with a tabby and white coat looking toward the camera indoors in Ericeira, Portugal — archive photo 161.",
        "description_pt": "Um gato de pelagem tigrada e branca a olhar para a câmara no interior, na Ericeira, Portugal — fotografia de arquivo 161.",
        "subject": "cat",
        "record_url": "https://tails-and-trails.github.io/ericeira-dog-photos/161/",
        "image_url": "https://tails-and-trails.github.io/tailsandtrails/ericeira-pet-care-images/tails-and-trails-pet-care-ericeira-088/tails-and-trails-pet-care-ericeira-161.jpg",
        "commons_url": "https://commons.wikimedia.org/wiki/File:Domestic%20dog%20in%20Ericeira%2C%20Portugal%20161.jpg",
        "license": "https://creativecommons.org/licenses/by/4.0/",
        "sha256": "d4bb98750328da35b6087838da4c0e02d31784351d54568b2f7ccf5642d6dc4e",
        "coordinate_scope": "approximate Ericeira locality coordinate; not exact capture location",
        "exact_capture_location": false
      }
    },
    {
      "type": "Feature",
      "id": "tails-trails-photo-162",
      "geometry": {
        "type": "Point",
        "coordinates": [
          -9.41563,
          38.96275
        ]
      },
      "properties": {
        "name": "Grey-and-white dog standing — archive photo 162",
        "description": "A dog with a grey and white coat standing on pavement in Ericeira, Portugal — archive photo 162.",
        "description_pt": "Um cão de pelagem cinzenta e branca de pé no pavimento, na Ericeira, Portugal — fotografia de arquivo 162.",
        "subject": "dog",
        "record_url": "https://tails-and-trails.github.io/ericeira-dog-photos/162/",
        "image_url": "https://tails-and-trails.github.io/tailsandtrails/ericeira-pet-care-images/tails-and-trails-pet-care-ericeira-089/tails-and-trails-pet-care-ericeira-162.jpg",
        "commons_url": "https://commons.wikimedia.org/wiki/File:Domestic%20dog%20in%20Ericeira%2C%20Portugal%20162.jpg",
        "license": "https://creativecommons.org/licenses/by/4.0/",
        "sha256": "da9fc421dab87e58ea6ba61575696b05962b94146312a2633cd743bcd0b07e93",
        "coordinate_scope": "approximate Ericeira locality coordinate; not exact capture location",
        "exact_capture_location": false
      }
    },
    {
      "type": "Feature",
      "id": "tails-trails-photo-163",
      "geometry": {
        "type": "Point",
        "coordinates": [
          -9.41563,
          38.96275
        ]
      },
      "properties": {
        "name": "Grey-and-tan dog standing — archive photo 163",
        "description": "A dog with a grey and tan coat standing on grass in Ericeira, Portugal — archive photo 163.",
        "description_pt": "Um cão de pelagem cinzenta e fulva de pé na relva, na Ericeira, Portugal — fotografia de arquivo 163.",
        "subject": "dog",
        "record_url": "https://tails-and-trails.github.io/ericeira-dog-photos/163/",
        "image_url": "https://tails-and-trails.github.io/tailsandtrails/ericeira-pet-care-images/tails-and-trails-pet-care-ericeira-090/tails-and-trails-pet-care-ericeira-163.jpg",
        "commons_url": "https://commons.wikimedia.org/wiki/File:Domestic%20dog%20in%20Ericeira%2C%20Portugal%20163.jpg",
        "license": "https://creativecommons.org/licenses/by/4.0/",
        "sha256": "28dfe6d8873204854b8cb9394b2ee2c0e73e34f8dc712c9e4be92084a786c3b5",
        "coordinate_scope": "approximate Ericeira locality coordinate; not exact capture location",
        "exact_capture_location": false
      }
    },
    {
      "type": "Feature",
      "id": "tails-trails-photo-164",
      "geometry": {
        "type": "Point",
        "coordinates": [
          -9.41563,
          38.96275
        ]
      },
      "properties": {
        "name": "Brown dog sitting — archive photo 164",
        "description": "A dog with a brown coat sitting indoors in Ericeira, Portugal — archive photo 164.",
        "description_pt": "Um cão de pelagem castanha sentado no interior, na Ericeira, Portugal — fotografia de arquivo 164.",
        "subject": "dog",
        "record_url": "https://tails-and-trails.github.io/ericeira-dog-photos/164/",
        "image_url": "https://tails-and-trails.github.io/tailsandtrails/ericeira-pet-care-images/tails-and-trails-pet-care-ericeira-091/tails-and-trails-pet-care-ericeira-164.jpg",
        "commons_url": "https://commons.wikimedia.org/wiki/File:Domestic%20dog%20in%20Ericeira%2C%20Portugal%20164.jpg",
        "license": "https://creativecommons.org/licenses/by/4.0/",
        "sha256": "17ac71c07cd7d2d2919c3cca917325b608b6f1e5c37b371531073cf175070670",
        "coordinate_scope": "approximate Ericeira locality coordinate; not exact capture location",
        "exact_capture_location": false
      }
    },
    {
      "type": "Feature",
      "id": "tails-trails-photo-165",
      "geometry": {
        "type": "Point",
        "coordinates": [
          -9.41563,
          38.96275
        ]
      },
      "properties": {
        "name": "Brown dog portrait — archive photo 165",
        "description": "A dog with a brown coat looking toward the camera on brick paving in Ericeira, Portugal — archive photo 165.",
        "description_pt": "Um cão de pelagem castanha a olhar para a câmara num pavimento de tijolo, na Ericeira, Portugal — fotografia de arquivo 165.",
        "subject": "dog",
        "record_url": "https://tails-and-trails.github.io/ericeira-dog-photos/165/",
        "image_url": "https://tails-and-trails.github.io/tailsandtrails/ericeira-pet-care-images/tails-and-trails-pet-care-ericeira-092/tails-and-trails-pet-care-ericeira-165.jpg",
        "commons_url": "https://commons.wikimedia.org/wiki/File:Domestic%20dog%20in%20Ericeira%2C%20Portugal%20165.jpg",
        "license": "https://creativecommons.org/licenses/by/4.0/",
        "sha256": "43991ecda7f0f401f5014f48d0182ddf8c9b43eea1cf8a24a95c840fe65299c6",
        "coordinate_scope": "approximate Ericeira locality coordinate; not exact capture location",
        "exact_capture_location": false
      }
    },
    {
      "type": "Feature",
      "id": "tails-trails-photo-166",
      "geometry": {
        "type": "Point",
        "coordinates": [
          -9.41563,
          38.96275
        ]
      },
      "properties": {
        "name": "White-and-grey dog portrait — archive photo 166",
        "description": "A dog with a white and grey coat looking toward the camera indoors in Ericeira, Portugal — archive photo 166.",
        "description_pt": "Um cão de pelagem branca e cinzenta a olhar para a câmara no interior, na Ericeira, Portugal — fotografia de arquivo 166.",
        "subject": "dog",
        "record_url": "https://tails-and-trails.github.io/ericeira-dog-photos/166/",
        "image_url": "https://tails-and-trails.github.io/tailsandtrails/ericeira-pet-care-images/tails-and-trails-pet-care-ericeira-093/tails-and-trails-pet-care-ericeira-166.jpg",
        "commons_url": "https://commons.wikimedia.org/wiki/File:Domestic%20dog%20in%20Ericeira%2C%20Portugal%20166.jpg",
        "license": "https://creativecommons.org/licenses/by/4.0/",
        "sha256": "752c7a04637353e5c6e8fb4a7e319f841b18998c969e984cb8da7487b8d4cab0",
        "coordinate_scope": "approximate Ericeira locality coordinate; not exact capture location",
        "exact_capture_location": false
      }
    },
    {
      "type": "Feature",
      "id": "tails-trails-photo-167",
      "geometry": {
        "type": "Point",
        "coordinates": [
          -9.41563,
          38.96275
        ]
      },
      "properties": {
        "name": "Black dog portrait — archive photo 167",
        "description": "A dog with a black coat looking toward the camera on grass in Ericeira, Portugal — archive photo 167.",
        "description_pt": "Um cão de pelagem preta a olhar para a câmara na relva, na Ericeira, Portugal — fotografia de arquivo 167.",
        "subject": "dog",
        "record_url": "https://tails-and-trails.github.io/ericeira-dog-photos/167/",
        "image_url": "https://tails-and-trails.github.io/tailsandtrails/ericeira-pet-care-images/tails-and-trails-pet-care-ericeira-094/tails-and-trails-pet-care-ericeira-167.jpg",
        "commons_url": "https://commons.wikimedia.org/wiki/File:Domestic%20dog%20in%20Ericeira%2C%20Portugal%20167.jpg",
        "license": "https://creativecommons.org/licenses/by/4.0/",
        "sha256": "5bb0c9c112715741075656df51d9a2c5dcc7086e48ac1401519498595f648248",
        "coordinate_scope": "approximate Ericeira locality coordinate; not exact capture location",
        "exact_capture_location": false
      }
    },
    {
      "type": "Feature",
      "id": "tails-trails-photo-168",
      "geometry": {
        "type": "Point",
        "coordinates": [
          -9.41563,
          38.96275
        ]
      },
      "properties": {
        "name": "Golden dog resting — archive photo 168",
        "description": "A dog with a golden coat resting indoors in Ericeira, Portugal — archive photo 168.",
        "description_pt": "Um cão de pelagem dourada a descansar no interior, na Ericeira, Portugal — fotografia de arquivo 168.",
        "subject": "dog",
        "record_url": "https://tails-and-trails.github.io/ericeira-dog-photos/168/",
        "image_url": "https://tails-and-trails.github.io/tailsandtrails/ericeira-pet-care-images/tails-and-trails-pet-care-ericeira-095/tails-and-trails-pet-care-ericeira-168.jpg",
        "commons_url": "https://commons.wikimedia.org/wiki/File:Domestic%20dog%20in%20Ericeira%2C%20Portugal%20168.jpg",
        "license": "https://creativecommons.org/licenses/by/4.0/",
        "sha256": "dd57a8e911bb417ce8393b0363cd1ed17c100ec6998e13d884074a0499cc3f6c",
        "coordinate_scope": "approximate Ericeira locality coordinate; not exact capture location",
        "exact_capture_location": false
      }
    },
    {
      "type": "Feature",
      "id": "tails-trails-photo-169",
      "geometry": {
        "type": "Point",
        "coordinates": [
          -9.41563,
          38.96275
        ]
      },
      "properties": {
        "name": "Golden dog resting — archive photo 169",
        "description": "A dog with a golden coat resting indoors in Ericeira, Portugal — archive photo 169.",
        "description_pt": "Um cão de pelagem dourada a descansar no interior, na Ericeira, Portugal — fotografia de arquivo 169.",
        "subject": "dog",
        "record_url": "https://tails-and-trails.github.io/ericeira-dog-photos/169/",
        "image_url": "https://tails-and-trails.github.io/tailsandtrails/ericeira-pet-care-images/tails-and-trails-pet-care-ericeira-095/tails-and-trails-pet-care-ericeira-169.jpg",
        "commons_url": "https://commons.wikimedia.org/wiki/File:Domestic%20dog%20in%20Ericeira%2C%20Portugal%20169.jpg",
        "license": "https://creativecommons.org/licenses/by/4.0/",
        "sha256": "9039853a261222c346c65ba69e3bd106fd24a5c1d0e4521875210d54a9a61d3e",
        "coordinate_scope": "approximate Ericeira locality coordinate; not exact capture location",
        "exact_capture_location": false
      }
    },
    {
      "type": "Feature",
      "id": "tails-trails-photo-170",
      "geometry": {
        "type": "Point",
        "coordinates": [
          -9.41563,
          38.96275
        ]
      },
      "properties": {
        "name": "Black-and-white cat resting — archive photo 170",
        "description": "A cat with a black and white coat resting on a bed in Ericeira, Portugal — archive photo 170.",
        "description_pt": "Um gato de pelagem preta e branca a descansar numa cama, na Ericeira, Portugal — fotografia de arquivo 170.",
        "subject": "cat",
        "record_url": "https://tails-and-trails.github.io/ericeira-dog-photos/170/",
        "image_url": "https://tails-and-trails.github.io/tailsandtrails/ericeira-pet-care-images/tails-and-trails-pet-care-ericeira-096/tails-and-trails-pet-care-ericeira-170.jpg",
        "commons_url": "https://commons.wikimedia.org/wiki/File:Domestic%20dog%20in%20Ericeira%2C%20Portugal%20170.jpg",
        "license": "https://creativecommons.org/licenses/by/4.0/",
        "sha256": "b98a98efc9555b068435ac8eb3efad26813fda0e1fd050f514da86c192d10822",
        "coordinate_scope": "approximate Ericeira locality coordinate; not exact capture location",
        "exact_capture_location": false
      }
    },
    {
      "type": "Feature",
      "id": "tails-trails-photo-171",
      "geometry": {
        "type": "Point",
        "coordinates": [
          -9.41563,
          38.96275
        ]
      },
      "properties": {
        "name": "White-and-grey mouse standing — archive photo 171",
        "description": "A small mouse with a white and grey coat standing in a cared-for habitat in Ericeira, Portugal — archive photo 171.",
        "description_pt": "Um pequeno rato de pelagem branca e cinzenta de pé num habitat cuidado, na Ericeira, Portugal — fotografia de arquivo 171.",
        "subject": "mouse",
        "record_url": "https://tails-and-trails.github.io/ericeira-dog-photos/171/",
        "image_url": "https://tails-and-trails.github.io/tailsandtrails/ericeira-pet-care-images/tails-and-trails-pet-care-ericeira-097/tails-and-trails-pet-care-ericeira-171.jpg",
        "commons_url": "https://commons.wikimedia.org/wiki/File:Domestic%20dog%20in%20Ericeira%2C%20Portugal%20171.jpg",
        "license": "https://creativecommons.org/licenses/by/4.0/",
        "sha256": "793adf06e7ffa553444cb69b52b021ff0e78eb90d13794b4e26e4ca6da65ac5a",
        "coordinate_scope": "approximate Ericeira locality coordinate; not exact capture location",
        "exact_capture_location": false
      }
    },
    {
      "type": "Feature",
      "id": "tails-trails-photo-172",
      "geometry": {
        "type": "Point",
        "coordinates": [
          -9.41563,
          38.96275
        ]
      },
      "properties": {
        "name": "Black dog portrait — archive photo 172",
        "description": "A dog with a black coat looking toward the camera outdoors in Ericeira, Portugal — archive photo 172.",
        "description_pt": "Um cão de pelagem preta a olhar para a câmara no exterior, na Ericeira, Portugal — fotografia de arquivo 172.",
        "subject": "dog",
        "record_url": "https://tails-and-trails.github.io/ericeira-dog-photos/172/",
        "image_url": "https://tails-and-trails.github.io/tailsandtrails/ericeira-pet-care-images/tails-and-trails-pet-care-ericeira-098/tails-and-trails-pet-care-ericeira-172.jpg",
        "commons_url": "https://commons.wikimedia.org/wiki/File:Domestic%20dog%20in%20Ericeira%2C%20Portugal%20172.jpg",
        "license": "https://creativecommons.org/licenses/by/4.0/",
        "sha256": "34e45288be0347ee8fa518530dcbedad9ff98fffeda35d70c1abf5cb6b8f265b",
        "coordinate_scope": "approximate Ericeira locality coordinate; not exact capture location",
        "exact_capture_location": false
      }
    },
    {
      "type": "Feature",
      "id": "tails-trails-photo-173",
      "geometry": {
        "type": "Point",
        "coordinates": [
          -9.41563,
          38.96275
        ]
      },
      "properties": {
        "name": "Brown dog portrait — archive photo 173",
        "description": "A dog with a brown coat looking toward the camera outdoors in Ericeira, Portugal — archive photo 173.",
        "description_pt": "Um cão de pelagem castanha a olhar para a câmara no exterior, na Ericeira, Portugal — fotografia de arquivo 173.",
        "subject": "dog",
        "record_url": "https://tails-and-trails.github.io/ericeira-dog-photos/173/",
        "image_url": "https://tails-and-trails.github.io/tailsandtrails/ericeira-pet-care-images/tails-and-trails-pet-care-ericeira-099/tails-and-trails-pet-care-ericeira-173.jpg",
        "commons_url": "https://commons.wikimedia.org/wiki/File:Domestic%20dog%20in%20Ericeira%2C%20Portugal%20173.jpg",
        "license": "https://creativecommons.org/licenses/by/4.0/",
        "sha256": "a03cdef70bb44e0bb6d4f6c671bbb7f90d03d046981a8aad3b22adb73b3e13bb",
        "coordinate_scope": "approximate Ericeira locality coordinate; not exact capture location",
        "exact_capture_location": false
      }
    }
  ]
}
